{"train/loss": 1.6202, "train/grad_norm": 0.0819723904132843, "train/learning_rate": 4e-05, "train/epoch": 0.004069175991861648, "train/global_step": 1, "_timestamp": 1716581780.631252, "_runtime": 182.34169697761536, "_step": 0}