corpus,n,draw,label_cov,llm_recall,llm_recall_true,llm_recall_grounded,precision,cov_theme,cov_q0.25,cov_q0.5,cov_q0.75
random,100,0,0.9395532194480946,0.966491458607096,0.9114323258869909,0.6386333771353482,0.8928571428571429,0.22999999999999998,0.20999999999999996,0.54,0.86
random,100,1,0.9550591327201051,0.9390275952693824,0.9051248357424443,0.514060446780552,0.9259259259259259,0.28,0.28,0.51,0.85
random,100,2,0.9735873850197109,0.873718791064389,0.8473061760840999,0.3791064388961892,0.9583333333333334,0.38,0.38,0.63,0.87
random,100,3,0.9529566360052563,0.8739816031537451,0.8492772667542707,0.5228646517739816,0.96,0.25,0.25,0.52,0.81
random,100,4,0.8626806833114323,0.9128777923784493,0.8218134034165572,0.43061760840998686,0.8846153846153846,0.31000000000000005,0.31000000000000005,0.5800000000000001,0.91
random,100,5,0.9840998685939553,0.8872536136662287,0.8767411300919842,0.46031537450722737,0.9615384615384616,0.25,0.24,0.56,0.85
random,100,6,0.9344283837056504,0.9017082785808148,0.8583442838370566,0.4800262812089357,0.9259259259259259,0.18000000000000005,0.18000000000000005,0.51,0.86
random,100,7,0.9693823915900132,0.9419185282522996,0.9277266754270698,0.3337713534822602,0.9615384615384616,0.28,0.28,0.52,0.85
random,100,8,1.0,0.9752956636005256,0.9752956636005256,0.4840998685939553,1.0,0.25,0.25,0.54,0.83
random,100,9,0.9946123521681998,0.9273324572930356,0.9273324572930356,0.40630749014454665,1.0,0.22999999999999998,0.22999999999999998,0.53,0.81
random,100,10,0.9520367936925099,0.9946123521681998,0.9466491458607097,0.5419185282522996,0.896551724137931,0.30000000000000004,0.30000000000000004,0.5700000000000001,0.89
random,100,11,0.9551905387647833,0.8959264126149803,0.8621550591327201,0.4140604467805519,0.9230769230769231,0.42000000000000004,0.4,0.62,0.85
random,100,12,0.9743758212877792,0.9946123521681998,0.968988173455979,0.49540078843626806,0.9655172413793104,0.27,0.27,0.48,0.8200000000000001
random,100,13,0.9337713534822601,0.954664914586071,0.9053876478318003,0.36254927726675434,0.9285714285714286,0.27,0.25,0.49,0.76
random,100,14,0.9603153745072274,0.9699080157687253,0.935611038107753,0.5588699080157687,0.9285714285714286,0.25,0.25,0.53,0.88
random,100,15,0.9683311432325886,1.0,0.9683311432325886,0.5816031537450722,0.9666666666666667,0.22999999999999998,0.22999999999999998,0.52,0.84
random,100,16,0.9591327201051248,0.9804204993429698,0.9395532194480946,0.48764783180026283,0.9285714285714286,0.20999999999999996,0.20999999999999996,0.5,0.8200000000000001
random,100,17,0.8902759526938239,0.6867279894875165,0.6181340341655716,0.4180026281208936,0.85,0.4,0.4,0.61,0.78
random,100,18,0.9894875164257555,0.964257555847569,0.9537450722733246,0.571484888304862,0.9642857142857143,0.20999999999999996,0.20999999999999996,0.51,0.8200000000000001
random,100,19,0.9437582128777925,0.9588699080157687,0.9190538764783182,0.3997371879106439,0.9259259259259259,0.24,0.24,0.49,0.79
random,100,20,0.98580814717477,0.9688567674113009,0.9688567674113009,0.47371879106438897,1.0,0.18000000000000005,0.18000000000000005,0.4,0.84
random,100,21,0.9337713534822601,0.6663600525624178,0.6055190538764783,0.2067017082785808,0.85,0.22999999999999998,0.22999999999999998,0.49,0.83
random,100,22,1.0,0.959658344283837,0.959658344283837,0.36044678055190543,1.0,0.27,0.25,0.52,0.89
random,100,23,0.9159001314060448,0.9336399474375822,0.8875164257555848,0.4917214191852825,0.9230769230769231,0.30000000000000004,0.30000000000000004,0.43999999999999995,0.81
random,100,24,0.9716162943495401,0.9716162943495401,0.9716162943495401,0.5575558475689882,1.0,0.29000000000000004,0.28,0.53,0.81
random,100,25,0.9400788436268069,0.797766097240473,0.797766097240473,0.45282522996057817,1.0,0.18000000000000005,0.18000000000000005,0.39,0.75
random,100,26,0.9743758212877792,0.8145860709592642,0.8145860709592642,0.29842312746386335,1.0,0.17000000000000004,0.16000000000000003,0.5,0.84
random,100,27,0.9730617608409987,0.9458607095926412,0.9353482260183968,0.38396846254927725,0.9629629629629629,0.31000000000000005,0.30000000000000004,0.53,0.8
random,100,28,0.9520367936925099,0.6611038107752957,0.6611038107752957,0.32063074901445465,1.0,0.28,0.28,0.54,0.8
random,100,29,0.9210249671484888,0.947700394218134,0.8988173455978975,0.5114323258869908,0.9629629629629629,0.28,0.26,0.51,0.77
random,200,0,0.9946123521681998,0.8890932982917215,0.8890932982917215,0.7369250985545335,1.0,0.25,0.245,0.515,0.88
random,200,1,0.98580814717477,0.98580814717477,0.98580814717477,0.7844940867279895,1.0,0.31000000000000005,0.31000000000000005,0.53,0.845
random,200,2,1.0,1.0,1.0,0.6291721419185282,1.0,0.31999999999999995,0.31000000000000005,0.5549999999999999,0.85
random,200,3,0.9752956636005256,1.0,0.9752956636005256,0.7332457293035479,0.9666666666666667,0.31999999999999995,0.31499999999999995,0.565,0.885
random,200,4,0.9830486202365308,0.8675427069645203,0.8675427069645203,0.6197109067017083,1.0,0.35,0.33999999999999997,0.6,0.855
random,200,5,0.9946123521681998,0.9361366622864652,0.9361366622864652,0.6243101182654403,1.0,0.33999999999999997,0.33999999999999997,0.63,0.865
random,200,6,0.9946123521681998,0.9400788436268069,0.9400788436268069,0.6413929040735874,1.0,0.29500000000000004,0.29000000000000004,0.6,0.855
random,200,7,1.0,0.9400788436268069,0.9400788436268069,0.5463863337713535,1.0,0.375,0.375,0.61,0.865
random,200,8,0.98580814717477,0.9194480946123521,0.9052562417871223,0.5908015768725361,0.9642857142857143,0.33999999999999997,0.33499999999999996,0.6,0.895
random,200,9,0.9946123521681998,0.8994743758212878,0.8994743758212878,0.36452036793692516,1.0,0.355,0.345,0.5900000000000001,0.85
random,200,10,0.9889618922470433,0.9835742444152431,0.9835742444152431,0.6843626806833115,1.0,0.30500000000000005,0.30500000000000005,0.5900000000000001,0.88
random,200,11,1.0,0.8703022339027595,0.8703022339027595,0.43206307490144547,1.0,0.33999999999999997,0.33999999999999997,0.605,0.85
random,200,12,1.0,1.0,1.0,0.6604467805519054,1.0,0.32499999999999996,0.31999999999999995,0.575,0.845
random,200,13,0.9946123521681998,0.966491458607096,0.966491458607096,0.42102496714848886,1.0,0.38,0.375,0.6599999999999999,0.875
random,200,14,0.9946123521681998,0.9946123521681998,0.9946123521681998,0.47687253613666225,1.0,0.365,0.355,0.65,0.9
random,200,15,0.9946123521681998,0.8649145860709592,0.8649145860709592,0.6190538764783181,1.0,0.32999999999999996,0.32499999999999996,0.565,0.845
random,200,16,0.9830486202365308,0.9830486202365308,0.9830486202365308,0.6413929040735874,1.0,0.28,0.28,0.595,0.865
random,200,17,1.0,0.9662286465177399,0.9662286465177399,0.5360052562417872,1.0,0.35,0.35,0.595,0.85
random,200,18,0.9835742444152431,0.9588699080157687,0.9588699080157687,0.6354796320630749,1.0,0.375,0.365,0.64,0.875
random,200,19,1.0,0.9490144546649145,0.9490144546649145,0.5863337713534823,1.0,0.41500000000000004,0.41000000000000003,0.6699999999999999,0.865
random,200,20,1.0,0.9696452036793692,0.9696452036793692,0.6407358738501971,1.0,0.26,0.25,0.52,0.875
random,200,21,0.9946123521681998,0.9946123521681998,0.9946123521681998,0.6487516425755585,1.0,0.29500000000000004,0.29500000000000004,0.54,0.845
random,200,22,0.9946123521681998,0.8609724047306176,0.8609724047306176,0.6296977660972405,1.0,0.265,0.265,0.575,0.83
random,200,23,1.0,1.0,1.0,0.5513797634691195,1.0,0.29500000000000004,0.29000000000000004,0.525,0.85
random,200,24,1.0,1.0,1.0,0.5616294349540079,1.0,0.31999999999999995,0.31000000000000005,0.595,0.85
random,200,25,0.9830486202365308,0.9219448094612351,0.904993429697766,0.50473061760841,0.9642857142857143,0.265,0.26,0.5700000000000001,0.835
random,200,26,0.9946123521681998,0.9946123521681998,0.9946123521681998,0.7123521681997372,1.0,0.31499999999999995,0.30000000000000004,0.65,0.89
random,200,27,0.966622864651774,0.9835742444152431,0.966622864651774,0.759526938239159,0.9642857142857143,0.365,0.36,0.615,0.89
random,200,28,0.9946123521681998,0.9373193166885676,0.9373193166885676,0.6872536136662287,1.0,0.31000000000000005,0.31000000000000005,0.625,0.895
random,200,29,1.0,0.9894875164257555,0.9894875164257555,0.5412614980289093,1.0,0.31000000000000005,0.30500000000000005,0.62,0.89
random,25,0,0.6219448094612352,0.5759526938239159,0.464388961892247,0.26346911957950064,0.7142857142857143,0.28,0.28,0.56,0.8
random,25,1,0.6289093298291721,0.521681997371879,0.4098554533508541,0.2316688567674113,0.6666666666666666,0.07999999999999996,0.07999999999999996,0.28,0.48
random,25,2,0.5868593955321945,0.5671484888304862,0.4231274638633377,0.1703022339027595,0.6428571428571429,0.12,0.12,0.36,0.72
random,25,3,0.5545335085413929,0.4852825229960577,0.26465177398160317,0.0,0.38461538461538464,0.19999999999999996,0.19999999999999996,0.56,0.88
random,25,4,0.5637319316688567,0.5409986859395532,0.3103810775295664,0.15124835742444154,0.6,0.07999999999999996,0.07999999999999996,0.36,0.6799999999999999
random,25,5,0.559658344283837,0.46399474375821287,0.3425755584756899,0.11458607095926412,0.6923076923076923,0.24,0.24,0.36,0.76
random,25,6,0.5939553219448095,0.6273324572930356,0.4509855453350854,0.2160315374507227,0.7333333333333333,0.36,0.36,0.48,0.72
random,25,7,0.6068331143232589,0.5545335085413929,0.38804204993429703,0.20381077529566358,0.6428571428571429,0.16000000000000003,0.16000000000000003,0.52,0.8
random,25,8,0.5972404730617609,0.4084099868593955,0.38002628120893556,0.25361366622864656,0.9166666666666666,0.0,0.0,0.16000000000000003,0.84
random,25,9,0.6374507227332458,0.5180026281208936,0.3634691195795006,0.28094612352168197,0.7142857142857143,0.0,0.0,0.16000000000000003,0.88
random,25,10,0.6913272010512485,0.697766097240473,0.5441524310118265,0.1735873850197109,0.7222222222222222,0.07999999999999996,0.07999999999999996,0.31999999999999995,0.72
random,25,11,0.5776609724047306,0.4902759526938239,0.46386333771353483,0.2067017082785808,0.9333333333333333,0.0,0.0,0.07999999999999996,0.52
random,25,12,0.7658344283837056,0.3984231274638633,0.3247043363994743,0.16228646517739814,0.6923076923076923,0.0,0.0,0.36,0.6799999999999999
random,25,13,0.595137976346912,0.4545335085413929,0.2925098554533509,0.2114323258869908,0.6428571428571429,0.07999999999999996,0.07999999999999996,0.43999999999999995,0.72
random,25,14,0.6006570302233902,0.6370565045992116,0.41839684625492773,0.34441524310118266,0.6111111111111112,0.07999999999999996,0.07999999999999996,0.31999999999999995,0.72
random,25,15,0.6910643889618923,0.569119579500657,0.49829172141918526,0.22233902759526938,0.8,0.24,0.24,0.31999999999999995,0.6
random,25,16,0.6459921156373194,0.3616294349540079,0.3010512483574244,0.10039421813403415,0.7777777777777778,0.07999999999999996,0.07999999999999996,0.28,0.52
random,25,17,0.6319316688567673,0.7105124835742445,0.5059132720105125,0.22181340341655714,0.6470588235294118,0.31999999999999995,0.31999999999999995,0.52,0.76
random,25,18,0.652562417871222,0.49487516425755584,0.3442838370565046,0.24283837056504598,0.7142857142857143,0.07999999999999996,0.07999999999999996,0.4,0.64
random,25,19,0.6208935611038108,0.3392904073587385,0.11248357424441525,0.0,0.3333333333333333,0.24,0.24,0.48,0.88
random,25,20,0.6275952693823915,0.6965834428383707,0.5229960578186597,0.44927726675427065,0.7222222222222222,0.19999999999999996,0.19999999999999996,0.31999999999999995,0.48
random,25,21,0.7411300919842312,0.5513797634691195,0.4831800262812089,0.280946123521682,0.75,0.12,0.12,0.31999999999999995,0.64
random,25,22,0.576215505913272,0.3600525624178712,0.24152431011826545,0.026412614980289094,0.5833333333333334,0.12,0.07999999999999996,0.48,0.72
random,25,23,0.6471747700394219,0.5391590013140604,0.39842312746386327,0.1492772667542707,0.6875,0.0,0.0,0.4,0.72
random,25,24,0.707490144546649,0.31879106438896193,0.2650459921156373,0.17490144546649145,0.8,0.0,0.0,0.16000000000000003,0.72
random,25,25,0.5469119579500656,0.6865965834428382,0.4848883048620237,0.4110381077529567,0.7058823529411765,0.19999999999999996,0.19999999999999996,0.52,0.88
random,25,26,0.7091984231274638,0.4923784494086728,0.4373193166885677,0.15532194480946124,0.8333333333333334,0.16000000000000003,0.16000000000000003,0.4,0.6799999999999999
random,25,27,0.6993429697766097,0.37687253613666233,0.3231274638633377,0.16741130091984233,0.8333333333333334,0.19999999999999996,0.19999999999999996,0.4,0.76
random,25,28,0.621550591327201,0.6273324572930354,0.3827858081471748,0.2155059132720105,0.625,0.0,0.0,0.31999999999999995,0.64
random,25,29,0.6031537450722734,0.7132720105124836,0.5816031537450723,0.30144546649145865,0.7777777777777778,0.19999999999999996,0.19999999999999996,0.48,0.88
random,400,0,0.9946123521681998,0.9361366622864652,0.9361366622864652,0.43771353482260184,1.0,0.38,0.37749999999999995,0.6625,0.885
random,400,1,1.0,0.9361366622864652,0.9361366622864652,0.7480946123521682,1.0,0.42500000000000004,0.42000000000000004,0.69,0.9175
random,400,2,1.0,0.8299605781865965,0.8299605781865965,0.4202365308804205,1.0,0.39249999999999996,0.385,0.665,0.8975
random,400,3,1.0,0.9946123521681998,0.9946123521681998,0.6001314060446781,1.0,0.37,0.35750000000000004,0.675,0.875
random,400,4,1.0,1.0,1.0,0.5123521681997373,1.0,0.41000000000000003,0.4,0.6699999999999999,0.895
random,400,5,1.0,1.0,1.0,0.46530880420499343,1.0,0.4125,0.405,0.6925,0.9025
random,400,6,1.0,0.959658344283837,0.959658344283837,0.6575558475689881,1.0,0.42000000000000004,0.42000000000000004,0.6725,0.91
random,400,7,0.9946123521681998,0.9946123521681998,0.9946123521681998,0.5637319316688567,1.0,0.38749999999999996,0.38749999999999996,0.6375,0.9025
random,400,8,1.0,0.9361366622864652,0.9361366622864652,0.6186596583442838,1.0,0.36750000000000005,0.355,0.6475,0.875
random,400,9,1.0,1.0,1.0,0.4416557161629435,1.0,0.36250000000000004,0.36250000000000004,0.6525000000000001,0.88
random,400,10,1.0,1.0,1.0,0.6944809461235216,1.0,0.37250000000000005,0.365,0.6375,0.89
random,400,11,1.0,1.0,1.0,0.6441524310118265,1.0,0.365,0.36250000000000004,0.6725,0.875
random,400,12,1.0,0.9622864651773981,0.9622864651773981,0.5438896189224705,1.0,0.38,0.375,0.64,0.8674999999999999
random,400,13,1.0,0.9248357424441523,0.9248357424441523,0.6758212877792378,1.0,0.4,0.4,0.6875,0.9
random,400,14,1.0,0.9248357424441523,0.9248357424441523,0.6272010512483573,1.0,0.375,0.37250000000000005,0.645,0.88
random,400,15,1.0,0.8194480946123521,0.8194480946123521,0.44494086727989485,1.0,0.33999999999999997,0.33499999999999996,0.6525000000000001,0.8975
random,400,16,0.9946123521681998,0.9361366622864652,0.9361366622864652,0.42785808147174775,1.0,0.385,0.38,0.6625,0.875
random,400,17,1.0,0.9622864651773981,0.9622864651773981,0.5446780551905388,1.0,0.36250000000000004,0.35,0.6225,0.8875
random,400,18,1.0,1.0,1.0,0.671353482260184,1.0,0.36750000000000005,0.365,0.675,0.8875
random,400,19,1.0,1.0,1.0,0.5822601839684626,1.0,0.4075,0.4,0.685,0.89
random,400,20,1.0,1.0,1.0,0.6579500657030224,1.0,0.405,0.39749999999999996,0.665,0.91
random,400,21,0.9946123521681998,0.9946123521681998,0.9946123521681998,0.5528252299605781,1.0,0.38,0.37250000000000005,0.6525000000000001,0.9
random,400,22,1.0,1.0,1.0,0.6187910643889619,1.0,0.35250000000000004,0.345,0.6375,0.8925
random,400,23,1.0,1.0,1.0,0.5826544021024967,1.0,0.39,0.38,0.6625,0.8925
random,400,24,1.0,0.9248357424441523,0.9248357424441523,0.7579500657030224,1.0,0.375,0.37250000000000005,0.6425000000000001,0.8775
random,400,25,1.0,0.9248357424441523,0.9248357424441523,0.6366622864651774,1.0,0.365,0.36,0.6625,0.8975
random,400,26,1.0,1.0,1.0,0.48055190538764786,1.0,0.395,0.38749999999999996,0.6725,0.89
random,400,27,1.0,1.0,1.0,0.5424441524310117,1.0,0.365,0.36250000000000004,0.65,0.905
random,400,28,1.0,0.8844940867279893,0.8844940867279893,0.5770039421813403,1.0,0.385,0.38,0.6525000000000001,0.8775
random,400,29,1.0,1.0,1.0,0.6370565045992116,1.0,0.4575,0.44999999999999996,0.6599999999999999,0.9025
random,50,0,0.8314060446780552,0.5942181340341656,0.512089356110381,0.25348226018396847,0.8823529411764706,0.19999999999999996,0.19999999999999996,0.48,0.76
random,50,1,0.797634691195795,0.6607095926412615,0.6290407358738501,0.4337713534822601,0.9411764705882353,0.24,0.24,0.54,0.76
random,50,2,0.8094612352168201,0.5270696452036794,0.4676741130091985,0.31011826544021026,0.875,0.18000000000000005,0.18000000000000005,0.48,0.84
random,50,3,0.8600525624178712,0.7923784494086729,0.6867279894875165,0.4145860709592642,0.8181818181818182,0.16000000000000003,0.16000000000000003,0.28,0.76
random,50,4,0.9023653088042051,0.8362680683311433,0.8098554533508541,0.283311432325887,0.9545454545454546,0.18000000000000005,0.18000000000000005,0.42000000000000004,0.76
random,50,5,0.8285151116951379,0.7839684625492772,0.6902759526938238,0.2681997371879107,0.8095238095238095,0.21999999999999997,0.21999999999999997,0.52,0.76
random,50,6,0.8396846254927726,0.8984231274638633,0.7604467805519055,0.26911957950065707,0.8461538461538461,0.040000000000000036,0.040000000000000036,0.18000000000000005,0.76
random,50,7,0.8400788436268068,0.7442838370565047,0.6963206307490145,0.3549277266754271,0.9,0.21999999999999997,0.21999999999999997,0.54,0.8
random,50,8,0.8709592641261498,0.7490144546649146,0.6712220762155059,0.16675427069645202,0.8571428571428571,0.30000000000000004,0.30000000000000004,0.6,0.84
random,50,9,0.8626806833114323,0.7684625492772668,0.693035479632063,0.2956636005256242,0.9047619047619048,0.12,0.12,0.31999999999999995,0.6799999999999999
random,50,10,0.8936925098554533,0.583180026281209,0.5603153745072273,0.17608409986859394,0.9375,0.19999999999999996,0.19999999999999996,0.43999999999999995,0.7
random,50,11,0.7934296977660972,0.7475689881734561,0.6749014454664916,0.45335085413929044,0.85,0.21999999999999997,0.21999999999999997,0.56,0.8
random,50,12,0.8649145860709593,0.8989487516425756,0.8367936925098556,0.3055190538764783,0.88,0.18000000000000005,0.18000000000000005,0.45999999999999996,0.7
random,50,13,0.8211563731931669,0.7319316688567674,0.721419185282523,0.28988173455978977,0.9523809523809523,0.18000000000000005,0.18000000000000005,0.6599999999999999,0.84
random,50,14,0.7963206307490144,0.706964520367937,0.6156373193166886,0.25545335085413934,0.8,0.09999999999999998,0.09999999999999998,0.33999999999999997,0.8200000000000001
random,50,15,0.8496714848883049,0.647437582128778,0.6060446780551906,0.3721419185282523,0.8947368421052632,0.19999999999999996,0.19999999999999996,0.33999999999999997,0.76
random,50,16,0.8176084099868594,0.7779237844940867,0.6770039421813404,0.3850197109067018,0.8636363636363636,0.33999999999999997,0.33999999999999997,0.56,0.84
random,50,17,0.8449408672798949,0.7052562417871222,0.6293035479632063,0.2668856767411301,0.8333333333333334,0.12,0.09999999999999998,0.4,0.6799999999999999
random,50,18,0.8262812089356111,0.7641261498028911,0.7536136662286467,0.3696452036793692,0.95,0.16000000000000003,0.14,0.4,0.72
random,50,19,0.8500657030223391,0.7885676741130093,0.754664914586071,0.4791064388961892,0.9090909090909091,0.28,0.28,0.43999999999999995,0.78
random,50,20,0.811826544021025,0.7408672798948752,0.6940867279894876,0.26846254927726676,0.8947368421052632,0.09999999999999998,0.09999999999999998,0.31999999999999995,0.8200000000000001
random,50,21,0.8281208935611039,0.7268068331143233,0.695137976346912,0.3314060446780552,0.95,0.21999999999999997,0.21999999999999997,0.42000000000000004,0.6799999999999999
random,50,22,0.8509855453350854,0.6391590013140606,0.6286465177398161,0.26399474375821286,0.9444444444444444,0.28,0.28,0.5,0.8200000000000001
random,50,23,0.7943495400788436,0.6751642575558475,0.5653088042049934,0.3779237844940867,0.8,0.12,0.12,0.33999999999999997,0.6799999999999999
random,50,24,0.8454664914586072,0.7496714848883049,0.6898817345597897,0.25584756898817346,0.85,0.26,0.26,0.56,0.86
random,50,25,0.7262812089356111,0.5113009198423127,0.4587385019710907,0.1325886990801577,0.9285714285714286,0.16000000000000003,0.16000000000000003,0.5,0.84
random,50,26,0.8262812089356112,0.7858081471747701,0.7752956636005257,0.12588699080157686,0.9545454545454546,0.12,0.12,0.30000000000000004,0.74
random,50,27,0.8858081471747701,0.8344283837056505,0.7478318002628122,0.5349540078843628,0.875,0.21999999999999997,0.21999999999999997,0.45999999999999996,0.72
random,50,28,0.8328515111695138,0.7469119579500658,0.6596583442838372,0.4208935611038108,0.8095238095238095,0.12,0.12,0.5,0.84
random,50,29,0.8988173455978974,0.6975032851511169,0.6746386333771353,0.36465177398160314,0.9473684210526315,0.16000000000000003,0.16000000000000003,0.4,0.8
citizens,100,0,0.9471270225506434,0.8322079245763792,0.7895273283220793,0.2946872213020767,0.9166666666666666,0.08999999999999997,0.49,0.84,0.97
citizens,100,1,0.8743789017709263,0.9477640463753345,0.8743789017709263,0.31239648362848776,0.8928571428571429,0.14,0.5900000000000001,0.91,0.96
citizens,100,2,0.8645687348706842,0.9357879984711429,0.8645687348706842,0.3857816282328959,0.8518518518518519,0.13,0.6799999999999999,0.9,0.99
citizens,100,3,0.9546439036819977,1.0000000000000002,0.9546439036819977,0.5470760606446681,0.9333333333333333,0.25,0.65,0.91,0.99
citizens,100,4,0.988915785450376,0.9477640463753344,0.9366798318257104,0.38234169957956426,0.9642857142857143,0.28,0.56,0.86,0.98
citizens,100,5,0.9839469996177859,1.0000000000000002,0.9839469996177859,0.5412154414575105,0.9666666666666667,0.19999999999999996,0.6,0.91,0.98
citizens,100,6,0.9747738565422348,0.9476366416103963,0.9224104981526309,0.45279653459039365,0.9642857142857143,0.25,0.5900000000000001,0.9,0.99
citizens,100,7,0.9737546184227291,0.9152758313160912,0.8992228309338769,0.5856797044209453,0.9629629629629629,0.22999999999999998,0.63,0.89,1.0
citizens,100,8,0.9439419034271881,1.0000000000000002,0.9439419034271881,0.5591795133137979,0.9,0.21999999999999997,0.64,0.94,0.99
citizens,100,9,0.9747738565422348,1.0000000000000002,0.9747738565422348,0.5339533698560326,0.9666666666666667,0.20999999999999996,0.56,0.87,0.97
citizens,100,10,0.9611415466938464,1.0000000000000002,0.9611415466938464,0.7380558032870429,0.9333333333333333,0.09999999999999998,0.47,0.88,0.98
citizens,100,11,0.8939992355714104,0.9847114282074151,0.8939992355714104,0.5539559179513314,0.896551724137931,0.21999999999999997,0.5700000000000001,0.85,0.97
citizens,100,12,0.9682762135303861,1.0000000000000002,0.9682762135303861,0.4685947254427316,0.9333333333333333,0.06000000000000005,0.51,0.9299999999999999,0.99
citizens,100,13,0.949292903554593,0.949292903554593,0.949292903554593,0.44922920117212384,1.0,0.14,0.43000000000000005,0.87,0.99
citizens,100,14,0.890177092623264,1.0000000000000002,0.890177092623264,0.6073385144604408,0.8333333333333334,0.15000000000000002,0.51,0.88,1.0
citizens,100,15,0.905338259650911,0.9207542362084342,0.8371767104089693,0.558032870429354,0.8888888888888888,0.21999999999999997,0.6,0.86,0.98
citizens,100,16,1.0000000000000002,1.0000000000000002,1.0000000000000002,0.4808255828767996,1.0,0.12,0.61,0.89,0.98
citizens,100,17,0.9462351891960759,1.0000000000000002,0.9462351891960759,0.5167537265893745,0.9,0.09999999999999998,0.44999999999999996,0.88,0.99
citizens,100,18,0.9207542362084342,1.0000000000000002,0.9207542362084342,0.568352656389349,0.9,0.21999999999999997,0.56,0.91,0.98
citizens,100,19,0.9336221174671933,0.9394827366543509,0.8731048541215441,0.4262963434832463,0.8928571428571429,0.18999999999999995,0.56,0.92,1.0
citizens,100,20,0.9522232131481718,0.9399923557141037,0.9235571410370748,0.474327939864951,0.9629629629629629,0.26,0.64,0.87,0.99
citizens,100,21,0.9645814753471781,0.9050834501210345,0.8798573066632691,0.5821123710026755,0.9615384615384616,0.17000000000000004,0.5800000000000001,0.87,1.0
citizens,100,22,0.934131736526946,1.0000000000000002,0.934131736526946,0.38387055675882276,0.9333333333333333,0.19999999999999996,0.64,0.86,0.99
citizens,100,23,0.9636896419926105,0.9747738565422348,0.9384634985348452,0.47534717798445664,0.9310344827586207,0.26,0.6699999999999999,0.86,0.98
citizens,100,24,0.9839469996177859,0.9494203083195312,0.9333673079373168,0.6681105873359664,0.9642857142857143,0.18000000000000005,0.62,0.85,0.99
citizens,100,25,0.9736272136577909,1.0000000000000002,0.9736272136577909,0.5824945852974901,0.9333333333333333,0.20999999999999996,0.61,0.9299999999999999,1.0
citizens,100,26,0.9733724041279145,1.0000000000000002,0.9733724041279145,0.6529494203083195,0.9666666666666667,0.09999999999999998,0.43000000000000005,0.83,0.99
citizens,100,27,0.8626576633966111,1.0000000000000002,0.8626576633966111,0.4734361065103835,0.8333333333333334,0.15000000000000002,0.56,0.89,0.99
citizens,100,28,0.9393553318894127,0.9847114282074151,0.9393553318894127,0.6439036819977066,0.9310344827586207,0.18999999999999995,0.54,0.94,0.99
citizens,100,29,0.8975665689896802,0.794241304624793,0.7417505414702511,0.2758313160912218,0.9090909090909091,0.14,0.52,0.86,1.0
citizens,200,0,0.9799974519047013,1.0000000000000002,0.9799974519047013,0.6082303478150084,0.9666666666666667,0.25,0.7,0.935,0.995
citizens,200,1,0.9898076188049435,0.9443241177220029,0.9443241177220029,0.669002420690534,1.0,0.245,0.65,0.875,0.985
citizens,200,2,0.9835647853229712,1.0000000000000002,0.9835647853229712,0.5280927506688751,0.9666666666666667,0.21499999999999997,0.625,0.915,0.995
citizens,200,3,0.9898076188049435,1.0000000000000002,0.9898076188049435,0.6609759204994267,0.9666666666666667,0.345,0.75,0.95,1.0
citizens,200,4,0.9898076188049435,1.0000000000000002,0.9898076188049435,0.5587972990189832,0.9666666666666667,0.20499999999999996,0.62,0.915,1.0
citizens,200,5,1.0000000000000002,1.0000000000000002,1.0000000000000002,0.7583131609122181,1.0,0.31000000000000005,0.7150000000000001,0.91,0.995
citizens,200,6,0.9799974519047013,0.9692954516498918,0.9492929035545931,0.7868518282583769,0.9655172413793104,0.29500000000000004,0.6799999999999999,0.885,1.0
citizens,200,7,1.0000000000000002,1.0000000000000002,1.0000000000000002,0.4101159383360937,1.0,0.22999999999999998,0.73,0.92,0.995
citizens,200,8,0.9839469996177859,1.0000000000000002,0.9839469996177859,0.5737036565167538,0.9666666666666667,0.18000000000000005,0.61,0.88,0.98
citizens,200,9,1.0000000000000002,1.0000000000000002,1.0000000000000002,0.5190470123582622,1.0,0.22499999999999998,0.6599999999999999,0.925,0.98
citizens,200,10,0.988915785450376,1.0000000000000002,0.988915785450376,0.6845458020129953,0.9666666666666667,0.26,0.6799999999999999,0.91,0.985
citizens,200,11,1.0000000000000002,0.9647088801121163,0.9647088801121163,0.7105363740603899,1.0,0.21999999999999997,0.6950000000000001,0.925,0.99
citizens,200,12,1.0000000000000002,1.0000000000000002,1.0000000000000002,0.5794368709389731,1.0,0.21499999999999997,0.645,0.92,0.995
citizens,200,13,0.9763027137214934,1.0000000000000002,0.9763027137214934,0.5162441075296216,0.9666666666666667,0.235,0.5449999999999999,0.925,0.99
citizens,200,14,1.0000000000000002,1.0000000000000002,1.0000000000000002,0.4447700343992866,1.0,0.19499999999999995,0.6,0.925,1.0
citizens,200,15,0.9728627850681616,1.0000000000000002,0.9728627850681616,0.5489871321187413,0.9333333333333333,0.245,0.665,0.92,0.98
citizens,200,16,1.0000000000000002,1.0000000000000002,1.0000000000000002,0.4724168683908778,1.0,0.31999999999999995,0.73,0.935,0.99
citizens,200,17,1.0000000000000002,0.8648235444005605,0.8648235444005605,0.6168938718308065,1.0,0.235,0.615,0.895,1.0
citizens,200,18,0.9787234042553192,1.0000000000000002,0.9787234042553192,0.792457637915658,0.9333333333333333,0.27,0.7,0.935,0.99
citizens,200,19,1.0000000000000002,1.0000000000000002,1.0000000000000002,0.6298891578545037,1.0,0.265,0.72,0.9,0.995
citizens,200,20,0.9847114282074151,1.0000000000000002,0.9847114282074151,0.6489998725952351,0.9666666666666667,0.30500000000000005,0.7050000000000001,0.935,0.985
citizens,200,21,0.988915785450376,1.0000000000000002,0.988915785450376,0.5061791310995031,0.9666666666666667,0.245,0.575,0.86,0.985
citizens,200,22,1.0000000000000002,1.0000000000000002,1.0000000000000002,0.4636259396101415,1.0,0.245,0.5900000000000001,0.92,1.0
citizens,200,23,1.0000000000000002,1.0000000000000002,1.0000000000000002,0.654478277487578,1.0,0.235,0.6699999999999999,0.9299999999999999,1.0
citizens,200,24,1.0000000000000002,1.0000000000000002,1.0000000000000002,0.5684800611542872,1.0,0.20999999999999996,0.69,0.9,0.985
citizens,200,25,1.0000000000000002,1.0000000000000002,1.0000000000000002,0.5924321569626704,1.0,0.18999999999999995,0.64,0.895,0.99
citizens,200,26,1.0000000000000002,1.0000000000000002,1.0000000000000002,0.5124219645814754,1.0,0.235,0.675,0.91,1.0
citizens,200,27,0.9898076188049435,1.0000000000000002,0.9898076188049435,0.5734488469868774,0.9666666666666667,0.18500000000000005,0.69,0.9299999999999999,0.995
citizens,200,28,1.0000000000000002,1.0000000000000002,1.0000000000000002,0.6346031341572175,1.0,0.235,0.6799999999999999,0.905,0.99
citizens,200,29,0.9839469996177859,1.0000000000000002,0.9839469996177859,0.6168938718308065,0.9666666666666667,0.29500000000000004,0.645,0.89,0.995
citizens,25,0,0.5980379666199516,0.8348834246400816,0.5728118231621863,0.3227162695884826,0.6666666666666666,0.0,0.16000000000000003,0.6799999999999999,1.0
citizens,25,1,0.5767613708752707,0.6809784685947254,0.5129315836412282,0.46642884443878196,0.6842105263157895,0.0,0.36,0.88,1.0
citizens,25,2,0.6281054911453688,0.6416103962288189,0.533571155561218,0.4516498917059498,0.8125,0.07999999999999996,0.24,0.84,1.0
citizens,25,3,0.6268314434959869,0.6738438017581858,0.43929162950694356,0.32870429354057845,0.6666666666666666,0.0,0.4,0.84,1.0
citizens,25,4,0.5494967511784941,0.6951203975028666,0.40680341444770035,0.048668620206395716,0.47619047619047616,0.07999999999999996,0.43999999999999995,0.8,1.0
citizens,25,5,0.7157599694228566,0.45496241559434325,0.3447572939227927,0.27570391132628363,0.7272727272727273,0.0,0.31999999999999995,0.6799999999999999,0.92
citizens,25,6,0.5874633711300803,0.40654860491782396,0.31965855522996567,0.23009300547840492,0.7777777777777778,0.24,0.36,0.72,0.96
citizens,25,7,0.58606191871576,0.5163715122945598,0.37750031851191235,0.23200407695247804,0.6666666666666666,0.31999999999999995,0.6,0.88,1.0
citizens,25,8,0.6203338004841381,0.45177729647088805,0.3645050324882151,0.3050070072620716,0.7692307692307693,0.07999999999999996,0.31999999999999995,0.84,1.0
citizens,25,9,0.5754873232258887,0.5061791310995032,0.3750796279780864,0.32743024589119635,0.6923076923076923,0.12,0.64,0.76,0.92
citizens,25,10,0.44234934386546054,0.4991718690279016,0.26283603006752454,0.21913619569371895,0.46153846153846156,0.07999999999999996,0.28,0.8,1.0
citizens,25,11,0.7042935405784176,0.5734488469868773,0.4617148681360683,0.36157472289463627,0.7142857142857143,0.16000000000000003,0.28,0.8,1.0
citizens,25,12,0.6213530386036438,0.38043062810549116,0.38043062810549116,0.2586316728245637,1.0,0.0,0.19999999999999996,0.52,0.88
citizens,25,13,0.5359918460950439,0.7127022550643395,0.43929162950694356,0.23111224359791055,0.55,0.0,0.28,0.72,0.96
citizens,25,14,0.624538157727099,0.703274302458912,0.5242706077207288,0.26933367307937317,0.7222222222222222,0.19999999999999996,0.19999999999999996,0.6799999999999999,0.96
citizens,25,15,0.6091221811695757,0.5861893234806981,0.45177729647088805,0.29965600713466684,0.7333333333333333,0.16000000000000003,0.6,0.84,0.96
citizens,25,16,0.5935787998471144,0.7156325646579182,0.47127022550643394,0.2620716014778953,0.55,0.0,0.36,0.72,1.0
citizens,25,17,0.6330742769779589,0.6009682762135303,0.4019620333800484,0.26041533953369855,0.6470588235294118,0.16000000000000003,0.43999999999999995,0.72,1.0
citizens,25,18,0.6035163715122946,0.5162441075296216,0.3773729137469742,0.3773729137469742,0.6666666666666666,0.0,0.43999999999999995,0.8,1.0
citizens,25,19,0.6411007771690661,0.7621353038603645,0.5734488469868771,0.22372276723149445,0.7142857142857143,0.0,0.24,0.72,1.0
citizens,25,20,0.6949929927379286,0.6344757293922793,0.5114027264619696,0.16995795642757042,0.7647058823529411,0.07999999999999996,0.36,0.84,0.96
citizens,25,21,0.6144731812969805,0.7381832080519811,0.5883552044846477,0.15849152758313162,0.7894736842105263,0.12,0.31999999999999995,0.76,1.0
citizens,25,22,0.5612179895528093,0.4619696776659447,0.3508727226398268,0.11173397885080902,0.8333333333333334,0.0,0.12,0.76,0.92
citizens,25,23,0.5756147279908269,0.5898840616639063,0.40374570008918337,0.2526436488724678,0.625,0.07999999999999996,0.4,0.92,1.0
citizens,25,24,0.6073385144604408,0.43916422474200545,0.4089692954516499,0.2530258631672824,0.8333333333333334,0.0,0.28,0.76,1.0
citizens,25,25,0.5303860364377628,0.6500191107147407,0.42362084341954387,0.37813734233660334,0.5625,0.0,0.31999999999999995,0.76,1.0
citizens,25,26,0.5963817046757548,0.6325646579182062,0.46489998725952353,0.2069053382596509,0.7368421052631579,0.07999999999999996,0.43999999999999995,0.8,1.0
citizens,25,27,0.6633966110332526,0.7349980889285259,0.58606191871576,0.401070200025481,0.7619047619047619,0.07999999999999996,0.6,0.84,1.0
citizens,25,28,0.6241559434322844,0.5413428462224487,0.4598037966619951,0.30933876926997067,0.8333333333333334,0.07999999999999996,0.48,0.88,0.96
citizens,25,29,0.7269715887374187,0.5754873232258886,0.4935660593706205,0.2915021021786215,0.875,0.0,0.19999999999999996,0.64,1.0
citizens,400,0,1.0000000000000002,1.0000000000000002,1.0000000000000002,0.6493820868900497,1.0,0.31000000000000005,0.7175,0.955,0.9975
citizens,400,1,1.0000000000000002,1.0000000000000002,1.0000000000000002,0.5721747993374952,1.0,0.35250000000000004,0.725,0.94,1.0
citizens,400,2,1.0000000000000002,1.0000000000000002,1.0000000000000002,0.5776532042298382,1.0,0.3425,0.745,0.9425,1.0
citizens,400,3,1.0000000000000002,1.0000000000000002,1.0000000000000002,0.6386800866352402,1.0,0.3375,0.7050000000000001,0.9325,0.995
citizens,400,4,1.0000000000000002,1.0000000000000002,1.0000000000000002,0.6325646579182062,1.0,0.35250000000000004,0.7625,0.9375,0.9925
citizens,400,5,0.9898076188049435,1.0000000000000002,0.9898076188049435,0.4266785577780609,0.9666666666666667,0.31499999999999995,0.71,0.94,0.9975
citizens,400,6,1.0000000000000002,1.0000000000000002,1.0000000000000002,0.5847878710663779,1.0,0.3275,0.7775,0.9625,0.9975
citizens,400,7,1.0000000000000002,1.0000000000000002,1.0000000000000002,0.6072111096955026,1.0,0.2975,0.7575000000000001,0.95,1.0
citizens,400,8,1.0000000000000002,1.0000000000000002,1.0000000000000002,0.6224996814880877,1.0,0.3075,0.7125,0.9225,0.995
citizens,400,9,1.0000000000000002,0.9647088801121163,0.9647088801121163,0.7211109695502612,1.0,0.345,0.735,0.9425,0.9925
citizens,400,10,1.0000000000000002,1.0000000000000002,1.0000000000000002,0.6154924194164862,1.0,0.39249999999999996,0.7675,0.9475,0.995
citizens,400,11,1.0000000000000002,0.9676391897056951,0.9676391897056951,0.580583513823417,1.0,0.2925,0.7075,0.92,0.9975
citizens,400,12,1.0000000000000002,1.0000000000000002,1.0000000000000002,0.6756274684673207,1.0,0.33499999999999996,0.7375,0.955,1.0
citizens,400,13,1.0000000000000002,0.9545164989170596,0.9545164989170596,0.4615874633711301,1.0,0.31499999999999995,0.755,0.9575,0.9975
citizens,400,14,1.0000000000000002,0.9847114282074151,0.9847114282074151,0.7021276595744681,1.0,0.38249999999999995,0.7825,0.9375,0.995
citizens,400,15,1.0000000000000002,1.0000000000000002,1.0000000000000002,0.6507835393043699,1.0,0.355,0.7275,0.9325,0.9925
citizens,400,16,1.0000000000000002,0.9647088801121163,0.9647088801121163,0.5781628232895911,1.0,0.35750000000000004,0.7675,0.9425,1.0
citizens,400,17,0.9898076188049435,1.0000000000000002,0.9898076188049435,0.6670913492164606,0.9666666666666667,0.3275,0.7275,0.9325,0.9925
citizens,400,18,1.0000000000000002,1.0000000000000002,1.0000000000000002,0.6124347050579692,1.0,0.3325,0.71,0.945,0.9975
citizens,400,19,1.0000000000000002,1.0000000000000002,1.0000000000000002,0.6898968021404002,1.0,0.3325,0.7275,0.9299999999999999,0.9975
citizens,400,20,1.0000000000000002,1.0000000000000002,1.0000000000000002,0.5208306790673971,1.0,0.31000000000000005,0.7375,0.94,0.9925
citizens,400,21,1.0000000000000002,0.9676391897056951,0.9676391897056951,0.8020129952860237,1.0,0.3425,0.7675,0.945,1.0
citizens,400,22,1.0000000000000002,1.0000000000000002,1.0000000000000002,0.5753599184609504,1.0,0.355,0.75,0.9299999999999999,0.9925
citizens,400,23,1.0000000000000002,1.0000000000000002,1.0000000000000002,0.6026245381577271,1.0,0.37749999999999995,0.7625,0.9475,0.9975
citizens,400,24,1.0000000000000002,1.0000000000000002,1.0000000000000002,0.5879729901898331,1.0,0.3225,0.775,0.9525,0.995
citizens,400,25,1.0000000000000002,1.0000000000000002,1.0000000000000002,0.7346158746337113,1.0,0.34750000000000003,0.745,0.95,0.9925
citizens,400,26,1.0000000000000002,1.0000000000000002,1.0000000000000002,0.6465791820614091,1.0,0.345,0.7575000000000001,0.9425,1.0
citizens,400,27,1.0000000000000002,1.0000000000000002,1.0000000000000002,0.6515479678939993,1.0,0.32999999999999996,0.745,0.935,0.99
citizens,400,28,1.0000000000000002,1.0000000000000002,1.0000000000000002,0.6482354440056058,1.0,0.36,0.75,0.9225,1.0
citizens,400,29,1.0000000000000002,1.0000000000000002,1.0000000000000002,0.6199515861893236,1.0,0.37250000000000005,0.765,0.95,1.0
citizens,50,0,0.8364122818193401,0.9017709262326411,0.763664161039623,0.43661612944324113,0.8076923076923077,0.12,0.43999999999999995,0.8200000000000001,1.0
citizens,50,1,0.7655752325136961,0.7316855650401325,0.6046630143967384,0.2629634348324627,0.85,0.12,0.45999999999999996,0.94,1.0
citizens,50,2,0.8737418779462351,0.8904319021531405,0.7896547330870175,0.5336985603261563,0.88,0.07999999999999996,0.4,0.76,0.98
citizens,50,3,0.7677411135176457,0.8920881640973373,0.7256975410880367,0.39419034271881775,0.7692307692307693,0.21999999999999997,0.6,0.96,1.0
citizens,50,4,0.8973117594598037,0.8315709007516882,0.7915658045610906,0.4135558669894254,0.9130434782608695,0.12,0.48,0.84,1.0
citizens,50,5,0.8431647343610652,0.7409861128806218,0.6584278252006625,0.4129188431647344,0.8095238095238095,0.16000000000000003,0.5,0.92,1.0
citizens,50,6,0.9003694738183208,0.9522232131481717,0.8525926869664925,0.41712320040769524,0.8928571428571429,0.16000000000000003,0.48,0.86,0.98
citizens,50,7,0.778315709007517,0.9194801885590521,0.7430245891196332,0.307682507325774,0.7777777777777778,0.16000000000000003,0.5,0.88,0.98
citizens,50,8,0.9152758313160911,1.0000000000000002,0.9152758313160911,0.4232386291247292,0.8666666666666667,0.14,0.52,0.88,0.98
citizens,50,9,0.830933876926997,0.9324754745827494,0.7957701618040516,0.39890431902153145,0.8214285714285714,0.21999999999999997,0.48,0.76,0.96
citizens,50,10,0.8816409733724041,0.9211364505032489,0.8463498534845203,0.44336858198496626,0.8888888888888888,0.19999999999999996,0.5800000000000001,0.86,0.98
citizens,50,11,0.8626576633966111,0.9763027137214934,0.8389603771181042,0.4289718435469487,0.8275862068965517,0.07999999999999996,0.43999999999999995,0.76,0.96
citizens,50,12,0.9164224742005351,0.8277487578035418,0.7830296853102306,0.42655115301312274,0.9166666666666666,0.07999999999999996,0.4,0.92,0.98
citizens,50,13,0.8745063065358645,1.0000000000000002,0.8745063065358645,0.4350872722639827,0.8333333333333334,0.040000000000000036,0.42000000000000004,0.88,1.0
citizens,50,14,0.8486431392534082,0.8971843546948657,0.7611160657408588,0.4154669384634986,0.8148148148148148,0.07999999999999996,0.45999999999999996,0.86,1.0
citizens,50,15,0.8488979487832845,0.9747738565422348,0.8488979487832845,0.4847751305898841,0.8275862068965517,0.07999999999999996,0.48,0.8,1.0
citizens,50,16,0.7651930182188814,0.9745190470123584,0.7651930182188814,0.42884443878201045,0.75,0.24,0.56,0.88,1.0
citizens,50,17,0.8216333290865078,0.8801121161931457,0.7795897566568989,0.35100012740476494,0.88,0.18000000000000005,0.4,0.9,0.98
citizens,50,18,0.79373168556504,0.9100522359536246,0.7537265893744427,0.46604663014396736,0.84,0.16000000000000003,0.43999999999999995,0.86,1.0
citizens,50,19,0.8287679959230474,0.9159128551407822,0.7934768760351636,0.4166135813479424,0.8148148148148148,0.06000000000000005,0.30000000000000004,0.78,0.98
citizens,50,20,0.8170467575487325,0.5356096318002294,0.43037329596126894,0.29532424512676775,0.7333333333333333,0.06000000000000005,0.43999999999999995,0.78,0.98
citizens,50,21,0.80583513823417,0.9686584278252007,0.7897821378519557,0.3722767231494458,0.7857142857142857,0.040000000000000036,0.5,0.78,0.98
citizens,50,22,0.8359026627595874,0.7881258759077591,0.6830169448337368,0.28806217352528984,0.8181818181818182,0.07999999999999996,0.5800000000000001,0.86,1.0
citizens,50,23,0.7398394699961779,0.852847496496369,0.6821251114791693,0.3899859854758568,0.7916666666666666,0.16000000000000003,0.48,0.84,1.0
citizens,50,24,0.9119633074276978,0.8913237355077079,0.818575614727991,0.5368836794496114,0.8846153846153846,0.07999999999999996,0.33999999999999997,0.72,0.96
citizens,50,25,0.8362848770544019,0.9140017836667091,0.794241304624793,0.5100012740476494,0.8148148148148148,0.18000000000000005,0.48,0.88,1.0
citizens,50,26,0.8314434959867499,0.8136068288954007,0.7076060644668111,0.39482736654350875,0.8333333333333334,0.0,0.31999999999999995,0.8,0.96
citizens,50,27,0.8142438527200918,0.856542234679577,0.7469741368327176,0.41967129570645945,0.8333333333333334,0.16000000000000003,0.4,0.78,1.0
citizens,50,28,0.8319531150465027,0.9350235698815136,0.8007389476366416,0.33622117467193274,0.8148148148148148,0.21999999999999997,0.6,0.88,1.0
citizens,50,29,0.846095043954644,0.7486303987769143,0.6979233023315072,0.3056440310867627,0.9,0.19999999999999996,0.31999999999999995,0.88,1.0
trump,100,0,0.9611096363153703,0.7678855853464296,0.7374900451287497,0.34360897265728696,0.9545454545454546,0.31999999999999995,0.5,0.72,0.97
trump,100,1,0.9331696310061057,0.9276944518184232,0.884357578975312,0.4665516325988851,0.9285714285714286,0.21999999999999997,0.4,0.6799999999999999,0.92
trump,100,2,0.9915051765330501,0.9758760286700293,0.9673812052030795,0.47882930714096095,0.9655172413793104,0.18999999999999995,0.33999999999999997,0.69,0.9299999999999999
trump,100,3,0.9704340323865145,0.9608109901778603,0.9312450225643748,0.5345434032386515,0.9310344827586207,0.31000000000000005,0.53,0.74,0.94
trump,100,4,0.9654565967613485,0.8685293336872844,0.8424807539155827,0.5177196708255907,0.96,0.18999999999999995,0.4,0.62,0.95
trump,100,5,0.8808401911335281,0.4211906026015397,0.39690071675073,0.057638704539421284,0.9166666666666666,0.18999999999999995,0.32999999999999996,0.62,0.92
trump,100,6,0.9915051765330501,1.0,0.9915051765330501,0.6499203610299974,0.9666666666666667,0.22999999999999998,0.4,0.6699999999999999,0.94
trump,100,7,0.9234470400849482,0.9554353597026812,0.9234470400849482,0.68370055747279,0.9285714285714286,0.32999999999999996,0.5700000000000001,0.87,1.0
trump,100,8,0.9680116803822671,0.9211906026015398,0.8892022829838068,0.4381138837271038,0.9259259259259259,0.29000000000000004,0.51,0.77,0.94
trump,100,9,1.0,0.9392421024688081,0.9392421024688081,0.5643416511813114,1.0,0.19999999999999996,0.31999999999999995,0.6699999999999999,0.96
trump,100,10,0.9915051765330501,0.7717348022298912,0.7717348022298912,0.32953942129015135,1.0,0.29000000000000004,0.45999999999999996,0.7,0.96
trump,100,11,0.9739514202282984,0.9454804884523494,0.9194319086806478,0.6331298115211045,0.9642857142857143,0.17000000000000004,0.37,0.6699999999999999,0.91
trump,100,12,0.968011680382267,0.9219869923015663,0.9134921688346165,0.4804884523493496,0.9629629629629629,0.18999999999999995,0.43000000000000005,0.7,0.94
trump,100,13,0.9566631271568888,0.5430714096097691,0.5147663923546589,0.02989779665516326,0.9375,0.26,0.4,0.8200000000000001,0.95
trump,100,14,0.8933833289089462,0.9765065038492169,0.8933833289089462,0.37573002389169097,0.896551724137931,0.25,0.41000000000000003,0.84,0.99
trump,100,15,0.9716949827448899,0.8253251924608442,0.797020175205734,0.3759623042208654,0.9583333333333334,0.22999999999999998,0.39,0.74,0.94
trump,100,16,0.976506503849217,1.0,0.976506503849217,0.41033979293867806,0.9666666666666667,0.22999999999999998,0.45999999999999996,0.81,0.96
trump,100,17,0.9915051765330501,0.9673812052030795,0.9673812052030795,0.6963432439607115,1.0,0.27,0.45999999999999996,0.72,0.95
trump,100,18,0.9549707990443325,1.0,0.9549707990443325,0.5634457127687815,0.9333333333333333,0.26,0.47,0.73,0.94
trump,100,19,0.9545726041943191,0.9235465887974516,0.9006835678258561,0.5452282983806742,0.9629629629629629,0.16000000000000003,0.36,0.6599999999999999,0.92
trump,100,20,0.9915051765330501,0.9373174940270772,0.9288226705601274,0.5605919830103531,0.9642857142857143,0.32999999999999996,0.48,0.73,0.98
trump,100,21,0.9915051765330501,1.0,0.9915051765330501,0.6738120520307938,0.9666666666666667,0.33999999999999997,0.5800000000000001,0.75,0.95
trump,100,22,1.0,1.0,1.0,0.33985930448632873,1.0,0.22999999999999998,0.41000000000000003,0.6599999999999999,0.96
trump,100,23,0.9915051765330501,0.8854857977170162,0.8769909742500663,0.061023360764534115,0.9615384615384616,0.18999999999999995,0.38,0.72,0.98
trump,100,24,0.9037032121051235,1.0,0.9037032121051235,0.6310724714627025,0.9,0.22999999999999998,0.43000000000000005,0.77,0.97
trump,100,25,0.9191996283514734,0.32097823201486597,0.32097823201486597,0.03424475710114149,1.0,0.30000000000000004,0.52,0.8,0.92
trump,100,26,0.9774356251659146,0.9774356251659146,0.9774356251659146,0.5136049907087868,1.0,0.29000000000000004,0.44999999999999996,0.71,0.98
trump,100,27,0.9371847624104062,0.9765065038492169,0.9371847624104062,0.5492434297849748,0.9310344827586207,0.19999999999999996,0.37,0.64,0.88
trump,100,28,1.0,0.9304154499601806,0.9304154499601806,0.5778470931775949,1.0,0.22999999999999998,0.48,0.74,0.92
trump,100,29,0.924077515264136,0.8985266790549509,0.8756636580833554,0.49774356251659146,0.96,0.29000000000000004,0.53,0.74,0.91
trump,200,0,1.0,1.0,1.0,0.5841518449694718,1.0,0.31499999999999995,0.48,0.755,0.96
trump,200,1,1.0,0.9758760286700293,0.9758760286700293,0.7096164056278207,1.0,0.31000000000000005,0.515,0.785,0.96
trump,200,2,1.0,1.0,1.0,0.5834550039819485,1.0,0.22499999999999998,0.485,0.73,0.925
trump,200,3,1.0,0.9392421024688081,0.9392421024688081,0.5060061056543669,1.0,0.26,0.485,0.8,0.99
trump,200,4,1.0,1.0,1.0,0.7111096363153704,1.0,0.22499999999999998,0.41000000000000003,0.725,0.9299999999999999
trump,200,5,1.0,1.0,1.0,0.6579838067427661,1.0,0.27,0.41500000000000004,0.73,0.94
trump,200,6,0.9771369790284046,1.0,0.9771369790284046,0.6550305282718344,0.9666666666666667,0.33999999999999997,0.515,0.72,0.945
trump,200,7,0.984968144411999,0.9757101141491904,0.9606782585611893,0.687649323068755,0.9655172413793104,0.30500000000000005,0.5,0.8200000000000001,0.985
trump,200,8,1.0,0.9356251659145209,0.9356251659145209,0.43688611627289625,1.0,0.30500000000000005,0.54,0.795,0.955
trump,200,9,1.0,1.0,1.0,0.5842513936819752,1.0,0.30500000000000005,0.52,0.79,0.975
trump,200,10,1.0,0.9515861428192197,0.9515861428192197,0.6790217679851341,1.0,0.31999999999999995,0.5549999999999999,0.765,0.975
trump,200,11,1.0,0.9758760286700293,0.9758760286700293,0.651280860100876,1.0,0.29000000000000004,0.52,0.825,0.98
trump,200,12,1.0,1.0,1.0,0.6684696044597823,1.0,0.24,0.45499999999999996,0.775,0.95
trump,200,13,1.0,1.0,1.0,0.6471993628882401,1.0,0.29000000000000004,0.52,0.835,0.975
trump,200,14,0.9915051765330501,1.0,0.9915051765330501,0.5834218210777806,0.9666666666666667,0.31000000000000005,0.51,0.795,0.95
trump,200,15,1.0,1.0,1.0,0.6165051765330501,1.0,0.31499999999999995,0.5800000000000001,0.79,0.98
trump,200,16,0.9915051765330501,1.0,0.9915051765330501,0.5367334749137245,0.9666666666666667,0.37,0.5349999999999999,0.825,0.97
trump,200,17,1.0,1.0,1.0,0.34918370055747283,1.0,0.275,0.43999999999999995,0.755,0.965
trump,200,18,0.9757101141491904,1.0,0.9757101141491904,0.5303623573135121,0.9666666666666667,0.235,0.475,0.775,0.98
trump,200,19,0.9771369790284046,1.0,0.9771369790284046,0.6542673214759757,0.9666666666666667,0.31000000000000005,0.5,0.775,0.955
trump,200,20,1.0,0.9757101141491904,0.9757101141491904,0.5565768516060525,1.0,0.265,0.485,0.76,0.96
trump,200,21,1.0,0.9757101141491904,0.9757101141491904,0.46711574196973715,1.0,0.32499999999999996,0.5,0.8,0.98
trump,200,22,0.9915051765330501,1.0,0.9915051765330501,0.4617069285903902,0.9666666666666667,0.29000000000000004,0.52,0.77,0.965
trump,200,23,1.0,1.0,1.0,0.5578709848685958,1.0,0.33999999999999997,0.53,0.795,0.97
trump,200,24,1.0,0.9758760286700293,0.9758760286700293,0.5947371913989913,1.0,0.31000000000000005,0.485,0.725,0.955
trump,200,25,1.0,1.0,1.0,0.6105986195911867,1.0,0.355,0.54,0.75,0.965
trump,200,26,0.9771369790284046,1.0,0.9771369790284046,0.6218144411998938,0.9666666666666667,0.31000000000000005,0.43999999999999995,0.75,0.95
trump,200,27,1.0,0.9758760286700293,0.9758760286700293,0.5751924608441731,1.0,0.26,0.53,0.79,0.955
trump,200,28,1.0,1.0,1.0,0.7232213963366074,1.0,0.31999999999999995,0.5349999999999999,0.84,0.98
trump,200,29,1.0,0.9356251659145209,0.9356251659145209,0.5587669232811256,1.0,0.27,0.45999999999999996,0.75,0.96
trump,25,0,0.5352734271303424,0.48506769312450226,0.396170692859039,0.2386846296787895,0.7692307692307693,0.19999999999999996,0.36,0.6,0.92
trump,25,1,0.5719405362357313,0.6237058667374569,0.44040350411468016,0.3336209185027874,0.7222222222222222,0.19999999999999996,0.4,0.64,0.84
trump,25,2,0.6379081497212638,0.5761879479692062,0.47421688346164054,0.34287894876559594,0.8,0.0,0.28,0.6799999999999999,0.96
trump,25,3,0.6113618263870454,0.6551300769843376,0.4568622245818954,0.11079771701619325,0.7,0.16000000000000003,0.16000000000000003,0.6,0.88
trump,25,4,0.6237390496416246,0.5450955667640032,0.43562516591452083,0.3337536501194584,0.7333333333333333,0.07999999999999996,0.12,0.52,0.96
trump,25,5,0.5891624634988055,0.4754778338200159,0.2991770639766392,0.208820015927794,0.6923076923076923,0.0,0.16000000000000003,0.48,0.92
trump,25,6,0.5391890098221397,0.5347756835678259,0.42533846562251126,0.2065967613485532,0.7857142857142857,0.24,0.4,0.72,0.92
trump,25,7,0.6818754977435626,0.651280860100876,0.47016856915317223,0.34340987523228034,0.6875,0.12,0.31999999999999995,0.6,0.76
trump,25,8,0.7311521104327051,0.3976639235465888,0.37337403769577915,0.10850809662861693,0.9090909090909091,0.0,0.24,0.64,0.88
trump,25,9,0.5570082293602338,0.700922484735864,0.5093907618794797,0.44524820812317495,0.6842105263157895,0.28,0.48,0.72,0.92
trump,25,10,0.5346761348553225,0.6139500929121317,0.4194650915848155,0.2090191133528006,0.7058823529411765,0.19999999999999996,0.24,0.56,1.0
trump,25,11,0.6102999734536767,0.4871250331829042,0.4510220334483674,0.33464958853198834,0.8666666666666667,0.16000000000000003,0.31999999999999995,0.6799999999999999,0.88
trump,25,12,0.7432306875497743,0.6250331829041679,0.587768781523759,0.32399787629413324,0.9473684210526315,0.28,0.28,0.6799999999999999,0.96
trump,25,13,0.6933235996814442,0.7142951951154766,0.523062118396602,0.10947040084948234,0.65,0.07999999999999996,0.07999999999999996,0.36,0.76
trump,25,14,0.5513007698433767,0.4544730554818158,0.3302030793735068,0.15489779665516326,0.6666666666666666,0.24,0.31999999999999995,0.76,0.8
trump,25,15,0.4447836474648261,0.30773825325192466,0.30773825325192466,0.2269378816033979,1.0,0.07999999999999996,0.16000000000000003,0.72,0.96
trump,25,16,0.6331298115211044,0.42364613750995483,0.31308070082293604,0.28477568356782584,0.75,0.24,0.36,0.6,0.88
trump,25,17,0.5693190868064772,0.3042208654101407,0.07632067958587735,0.0,0.25,0.19999999999999996,0.31999999999999995,0.48,0.84
trump,25,18,0.6366471993628883,0.8320281391027342,0.5502057340058402,0.058202813910273425,0.5833333333333334,0.19999999999999996,0.36,0.76,0.96
trump,25,19,0.5029864613750996,0.5432705070347758,0.40914520838863816,0.10933766923281124,0.7333333333333333,0.12,0.43999999999999995,0.72,0.96
trump,25,20,0.5806676400318556,0.4486660472524555,0.32751526413591714,0.1852933368728431,0.75,0.12,0.19999999999999996,0.52,0.92
trump,25,21,0.6201552959915051,0.7908813379346961,0.5463233342182108,0.32081231749402705,0.6363636363636364,0.24,0.31999999999999995,0.52,0.8
trump,25,22,0.5810990177860367,0.7201353862490045,0.44285903902309526,0.21154101406955134,0.5789473684210527,0.12,0.12,0.64,0.88
trump,25,23,0.5016923281125564,0.5215025219007168,0.35190469869923013,0.09048977966551633,0.6,0.19999999999999996,0.24,0.64,0.92
trump,25,24,0.7081563578444386,0.4838067427661269,0.4838067427661269,0.3366073798778869,1.0,0.16000000000000003,0.36,0.6,0.88
trump,25,25,0.6594438545261481,0.4137244491637908,0.21047916113618262,0.05807008229360234,0.5384615384615384,0.07999999999999996,0.28,0.43999999999999995,0.88
trump,25,26,0.6323997876294134,0.5592646668436421,0.5213697902840456,0.2523228032917441,0.875,0.12,0.12,0.64,0.92
trump,25,27,0.5995155295991504,0.5859437217945315,0.488319617732944,0.34354260684895144,0.8235294117647058,0.07999999999999996,0.36,0.64,0.88
trump,25,28,0.622378550570746,0.7057008229360233,0.40897929386779935,0.024123971329970798,0.5,0.28,0.43999999999999995,0.72,0.92
trump,25,29,0.7032452880276082,0.6031324661534377,0.385220334483674,0.0,0.5555555555555556,0.0,0.24,0.52,0.84
trump,400,0,1.0,1.0,1.0,0.6338930183169632,1.0,0.35250000000000004,0.5225,0.8049999999999999,0.96
trump,400,1,1.0,1.0,1.0,0.5028205468542607,1.0,0.385,0.6225,0.845,0.975
trump,400,2,1.0,1.0,1.0,0.45928457658614286,1.0,0.3175,0.5125,0.795,0.9625
trump,400,3,1.0,1.0,1.0,0.5703145739315105,1.0,0.365,0.565,0.8,0.9725
trump,400,4,1.0,0.9758760286700293,0.9758760286700293,0.6389036368462969,1.0,0.33499999999999996,0.5725,0.845,0.9625
trump,400,5,1.0,1.0,1.0,0.595367666578179,1.0,0.41000000000000003,0.595,0.8275,0.98
trump,400,6,1.0,1.0,1.0,0.5882997079904434,1.0,0.38249999999999995,0.6074999999999999,0.8475,0.9625
trump,400,7,1.0,1.0,1.0,0.711308733740377,1.0,0.39,0.595,0.825,0.9775
trump,400,8,1.0,1.0,1.0,0.6931245022564375,1.0,0.35250000000000004,0.6074999999999999,0.8525,0.96
trump,400,9,1.0,1.0,1.0,0.6298447040084949,1.0,0.3425,0.5875,0.8425,0.98
trump,400,10,1.0,1.0,1.0,0.5956994956198566,1.0,0.37250000000000005,0.5525,0.835,0.9775
trump,400,11,1.0,1.0,1.0,0.6762012211308733,1.0,0.395,0.6,0.8175,0.9625
trump,400,12,1.0,1.0,1.0,0.573466949827449,1.0,0.375,0.62,0.835,0.9825
trump,400,13,1.0,1.0,1.0,0.6160737987788691,1.0,0.36,0.5700000000000001,0.845,0.97
trump,400,14,1.0,1.0,1.0,0.4865277409078843,1.0,0.38,0.5675,0.8200000000000001,0.975
trump,400,15,1.0,1.0,1.0,0.6624303159012478,1.0,0.37,0.5925,0.8175,0.9675
trump,400,16,1.0,1.0,1.0,0.6480621183966021,1.0,0.34750000000000003,0.5625,0.8375,0.9875
trump,400,17,0.9915051765330501,1.0,0.9915051765330501,0.6684032386514468,0.9666666666666667,0.34750000000000003,0.5925,0.8075,0.975
trump,400,18,1.0,1.0,1.0,0.688943456331298,1.0,0.32499999999999996,0.53,0.7775,0.955
trump,400,19,1.0,0.9758760286700293,0.9758760286700293,0.6424542075922485,1.0,0.39249999999999996,0.605,0.8475,0.9725
trump,400,20,1.0,1.0,1.0,0.5298977966551633,1.0,0.36250000000000004,0.5449999999999999,0.84,0.9675
trump,400,21,1.0,1.0,1.0,0.6729492965224317,1.0,0.38749999999999996,0.575,0.8075,0.975
trump,400,22,1.0,1.0,1.0,0.6943190868064772,1.0,0.37,0.5525,0.8025,0.975
trump,400,23,1.0,1.0,1.0,0.555780461906026,1.0,0.37749999999999995,0.585,0.8525,0.985
trump,400,24,1.0,1.0,1.0,0.7702415715423414,1.0,0.30000000000000004,0.5675,0.815,0.9825
trump,400,25,1.0,0.9531457393151049,0.9531457393151049,0.5390562782054685,1.0,0.33999999999999997,0.5625,0.8025,0.96
trump,400,26,1.0,1.0,1.0,0.6723520042474117,1.0,0.39749999999999996,0.575,0.8375,0.985
trump,400,27,0.9915051765330501,1.0,0.9915051765330501,0.6187947969206266,0.9666666666666667,0.36,0.6025,0.8225,0.965
trump,400,28,1.0,1.0,1.0,0.4957194053623573,1.0,0.385,0.595,0.825,0.9775
trump,400,29,1.0,1.0,1.0,0.6945513671356517,1.0,0.36,0.5700000000000001,0.8325,0.96
trump,50,0,0.8426134855322538,0.5974581895407486,0.48772232545792404,0.3672020175205734,0.8333333333333334,0.14,0.33999999999999997,0.6,0.98
trump,50,1,0.7576652508627556,1.0,0.7576652508627556,0.46685027873639506,0.7333333333333333,0.07999999999999996,0.26,0.6599999999999999,0.92
trump,50,2,0.8502455534908415,0.8675670294664188,0.7488717812582958,0.30853464295195115,0.84,0.12,0.26,0.6,0.94
trump,50,3,0.7806278205468543,0.7347358640828247,0.643117865675604,0.3757632067958588,0.8571428571428571,0.26,0.42000000000000004,0.6799999999999999,0.96
trump,50,4,0.7880939739846031,0.8235333156357845,0.6661468011680383,0.36627289620387576,0.8,0.09999999999999998,0.42000000000000004,0.72,0.96
trump,50,5,0.852070613220069,0.91269577913459,0.8277807273692593,0.4635983541279533,0.8846153846153846,0.21999999999999997,0.42000000000000004,0.74,0.96
trump,50,6,0.828709848685957,0.6452083886381736,0.5528935492434297,0.19285903902309529,0.9,0.18000000000000005,0.36,0.6599999999999999,0.88
trump,50,7,0.8465290682240509,0.7119392089195646,0.6628948765595966,0.40280727369259356,0.8947368421052632,0.28,0.38,0.72,0.96
trump,50,8,0.7982147597557738,0.8699230156623308,0.7210976904698699,0.3519378816033979,0.7307692307692307,0.16000000000000003,0.4,0.7,0.92
trump,50,9,0.7836142819219538,0.852369259357579,0.7124369524820812,0.2690138040881338,0.8,0.26,0.4,0.6799999999999999,0.94
trump,50,10,0.8691266259623041,0.4102734271303424,0.4017786036633926,0.021071144146535704,0.9166666666666666,0.12,0.38,0.6599999999999999,0.9
trump,50,11,0.9407021502521901,0.9164122644013805,0.9164122644013805,0.5061720201752057,1.0,0.12,0.30000000000000004,0.7,0.92
trump,50,12,0.759788956729493,0.7504977435625165,0.6549309795593311,0.31948500132731616,0.8181818181818182,0.16000000000000003,0.38,0.7,0.96
trump,50,13,0.8266856915317229,0.9765065038492169,0.8266856915317229,0.600179187682506,0.7931034482758621,0.040000000000000036,0.19999999999999996,0.64,0.92
trump,50,14,0.818058136448102,0.8908282452880276,0.7712702415715423,0.32363286434828775,0.8,0.24,0.42000000000000004,0.78,0.96
trump,50,15,0.8185226971064509,0.8505441996283514,0.7001260950358376,0.4217547119723918,0.7916666666666666,0.21999999999999997,0.31999999999999995,0.72,0.94
trump,50,16,0.7855388903636846,0.9082160870719406,0.7551433501460048,0.371349880541545,0.8148148148148148,0.18000000000000005,0.36,0.6,0.9
trump,50,17,0.7933368728431113,0.9369856649853996,0.7388173612954606,0.424940270772498,0.7407407407407407,0.16000000000000003,0.21999999999999997,0.62,0.96
trump,50,18,0.8761945845500398,0.8309994690735333,0.734968144411999,0.3466949827448898,0.84,0.06000000000000005,0.21999999999999997,0.62,0.92
trump,50,19,0.8168967348022299,0.522763472259092,0.49286567560392885,0.11268914255375631,0.9230769230769231,0.18000000000000005,0.43999999999999995,0.72,0.92
trump,50,20,0.8577780727369261,0.7160870719405362,0.6675736660472525,0.44494956198566493,0.9,0.24,0.28,0.6799999999999999,0.88
trump,50,21,0.9469405362357313,0.5406490576055215,0.5406490576055215,0.2664587204672153,1.0,0.24,0.43999999999999995,0.6799999999999999,0.92
trump,50,22,0.7833488186886115,0.8608640828245289,0.7833488186886115,0.3936156092381205,0.875,0.21999999999999997,0.43999999999999995,0.74,0.98
trump,50,23,0.8084682771436155,0.9133262543137775,0.7841783912928059,0.4862290947703743,0.8461538461538461,0.38,0.5,0.8,0.94
trump,50,24,0.8076055216352536,0.9280926466684366,0.7591916644544731,0.38668038226705603,0.7777777777777778,0.14,0.30000000000000004,0.56,0.9
trump,50,25,0.78769577913459,0.8666379081497213,0.7088863817361295,0.21552296256968412,0.7916666666666666,0.18000000000000005,0.4,0.5800000000000001,0.9
trump,50,26,0.8757632067958587,0.769843376692328,0.6760021237058669,0.34082160870719413,0.8695652173913043,0.21999999999999997,0.26,0.5800000000000001,0.94
trump,50,27,0.8395274754446509,0.8919232811255641,0.809131935226971,0.32091186620653045,0.8846153846153846,0.07999999999999996,0.14,0.52,0.92
trump,50,28,0.7973520042474117,0.760817626758694,0.6027342713034245,0.0620188478895673,0.7272727272727273,0.14,0.52,0.78,0.96
trump,50,29,0.8843907618794797,0.7908481550305283,0.7213299707990444,0.5084616405627821,0.9090909090909091,0.19999999999999996,0.42000000000000004,0.6799999999999999,0.88
covid,100,0,0.9224084767617873,0.769075517183383,0.69910859449459,0.5293491057913325,0.8260869565217391,0.18999999999999995,0.21999999999999997,0.48,0.94
covid,100,1,0.9760609968043954,0.948141503616079,0.931883164209228,0.6965857487245612,0.9230769230769231,0.21999999999999997,0.32999999999999996,0.65,0.9
covid,100,2,0.9922072097325784,0.7522004821438583,0.7522004821438583,0.28861355609127093,1.0,0.26,0.31000000000000005,0.61,0.9299999999999999
covid,100,3,0.973313898077031,0.8793519089532993,0.8527779335089982,0.5796378314739026,0.8846153846153846,0.16000000000000003,0.27,0.6799999999999999,0.97
covid,100,4,0.9582889499355274,0.8127487806245446,0.8126366541458765,0.5118013118798004,0.9545454545454546,0.27,0.29000000000000004,0.61,0.94
covid,100,5,0.9693894713236532,0.944553456298705,0.913998990861692,0.5047373437237203,0.8888888888888888,0.20999999999999996,0.29000000000000004,0.63,0.9
covid,100,6,0.9783035263777541,0.9342938835005887,0.9341256937825867,0.629085608566463,0.9259259259259259,0.25,0.29000000000000004,0.6599999999999999,0.9
covid,100,7,0.9997757470426641,0.9063183270729382,0.9061501373549363,0.4369008241296182,0.9230769230769231,0.19999999999999996,0.30000000000000004,0.5700000000000001,0.95
covid,100,8,0.9702304199136627,0.810394124572518,0.810394124572518,0.4638672422492571,1.0,0.20999999999999996,0.28,0.65,0.94
covid,100,9,0.9650165386556036,0.9709592420250042,0.9435443179906935,0.5854123451253013,0.8571428571428571,0.28,0.37,0.6799999999999999,0.91
covid,100,10,0.9556539776868307,0.9277905477378483,0.9114761450916633,0.6979312664685765,0.8888888888888888,0.22999999999999998,0.28,0.54,0.94
covid,100,11,0.9756685541290576,0.870942423053204,0.8707742333352022,0.5443179906935023,0.9166666666666666,0.22999999999999998,0.27,0.74,0.96
covid,100,12,0.9997757470426641,0.8499747715422998,0.849750518584964,0.4769299770140718,0.88,0.13,0.24,0.5800000000000001,0.92
covid,100,13,0.9540842069854797,0.8502550877389696,0.8044514212031171,0.46240959802657394,0.8695652173913043,0.24,0.32999999999999996,0.5800000000000001,0.89
covid,100,14,0.9997757470426641,0.9558221674048326,0.9555979144474968,0.6996131636485957,0.896551724137931,0.16000000000000003,0.26,0.62,0.94
covid,100,15,0.9411896619386668,0.8151034366765713,0.7639737624039917,0.5243034142512754,0.8695652173913043,0.28,0.31000000000000005,0.65,0.97
covid,100,16,0.9922072097325784,0.9095699949543085,0.9094578684756405,0.46117620676122667,0.9583333333333334,0.19999999999999996,0.26,0.62,0.96
covid,100,17,0.9615406178168975,0.9174749117003981,0.9173627852217301,0.6531928014800695,0.96,0.15000000000000002,0.22999999999999998,0.5800000000000001,0.88
covid,100,18,0.9615406178168975,0.8439199416942311,0.8439199416942311,0.4656612659079441,1.0,0.28,0.35,0.69,0.95
covid,100,19,0.9922072097325784,0.9445534562987049,0.944441329820037,0.5899534675113528,0.96,0.25,0.31999999999999995,0.51,0.91
covid,100,20,0.9651847283736055,0.8178505354039357,0.8177944721646017,0.6130515221169478,0.9545454545454546,0.25,0.31000000000000005,0.61,0.9299999999999999
covid,100,21,0.9922072097325784,0.8058530021864664,0.8058530021864664,0.3856029601390368,1.0,0.14,0.21999999999999997,0.5800000000000001,0.97
covid,100,22,0.9997757470426641,0.9557661041654988,0.9555979144474968,0.5354039356394013,0.9285714285714286,0.17000000000000004,0.24,0.5900000000000001,0.94
covid,100,23,0.9922072097325784,0.8536188820990078,0.8535067556203397,0.5243034142512754,0.9545454545454546,0.15000000000000002,0.21999999999999997,0.63,0.9299999999999999
covid,100,24,0.9922072097325784,0.9388910691259741,0.9387228794079722,0.45052419128777255,0.9230769230769231,0.18999999999999995,0.30000000000000004,0.7,0.91
covid,100,25,0.973313898077031,0.9286314963278578,0.9021135841228907,0.49088972360823,0.9230769230769231,0.19999999999999996,0.31999999999999995,0.6799999999999999,0.91
covid,100,26,0.9836295341144812,0.8001906150137356,0.7839883388462187,0.5134832090598194,0.9130434782608695,0.33999999999999997,0.42000000000000004,0.71,0.92
covid,100,27,0.949767337556764,0.7856702360262376,0.7694118966193867,0.5743118237371756,0.9166666666666666,0.26,0.33999999999999997,0.63,0.9299999999999999
covid,100,28,0.9922072097325784,0.8149352469585692,0.8147670572405675,0.5221169479172507,0.9166666666666666,0.18000000000000005,0.29000000000000004,0.56,0.92
covid,100,29,0.9922072097325784,0.8945450468128048,0.894432920334137,0.5711162190951393,0.9583333333333334,0.20999999999999996,0.28,0.61,0.9299999999999999
covid,200,0,0.9997757470426641,1.0,0.9997757470426641,0.6669843583562259,0.9,0.275,0.35,0.6799999999999999,0.95
covid,200,1,0.9997757470426641,0.9558221674048326,0.9555979144474968,0.6819532432583955,0.896551724137931,0.375,0.485,0.76,0.975
covid,200,2,0.9997757470426641,0.9558221674048326,0.9555979144474968,0.5030554465437014,0.896551724137931,0.245,0.32999999999999996,0.6950000000000001,0.955
covid,200,3,0.9748836687783821,1.0,0.9748836687783821,0.5667432864270898,0.9,0.255,0.37,0.595,0.925
covid,200,4,0.9922072097325784,0.8937601614621293,0.8935919717441274,0.6214049447777092,0.92,0.26,0.37,0.74,0.98
covid,200,5,0.9997757470426641,1.0,0.9997757470426641,0.6376072209452263,0.9,0.30000000000000004,0.38,0.655,0.95
covid,200,6,0.9997757470426641,0.9343499467399226,0.9341256937825867,0.5553624488422941,0.8928571428571429,0.245,0.32499999999999996,0.6699999999999999,0.945
covid,200,7,0.9997757470426641,1.0,0.9997757470426641,0.5476817850535405,0.9,0.24,0.33499999999999996,0.73,0.98
covid,200,8,0.9922072097325784,0.948197566855413,0.9480293771374111,0.6064921231148735,0.9259259259259259,0.39,0.45499999999999996,0.6950000000000001,0.955
covid,200,9,0.9997757470426641,1.0,0.9997757470426641,0.6760666031283288,0.9,0.31499999999999995,0.405,0.755,0.965
covid,200,10,0.9702304199136627,0.9558221674048326,0.9260525873184953,0.7196277400908224,0.8620689655172413,0.22999999999999998,0.32999999999999996,0.685,0.96
covid,200,11,0.9997757470426641,1.0,0.9997757470426641,0.546616583506195,0.9,0.31499999999999995,0.33999999999999997,0.635,0.955
covid,200,12,0.9998318102819981,1.0,0.9998318102819981,0.7185625385434772,0.9333333333333333,0.28,0.4,0.655,0.96
covid,200,13,0.9997757470426641,0.9294724449178674,0.9293042551998654,0.6046420362168526,0.9259259259259259,0.31000000000000005,0.405,0.685,0.91
covid,200,14,0.9997757470426641,1.0,0.9997757470426641,0.5407860066154622,0.9,0.19999999999999996,0.30500000000000005,0.6799999999999999,0.965
covid,200,15,0.9997757470426641,0.9558221674048326,0.9555979144474968,0.7797835958961709,0.896551724137931,0.18500000000000005,0.27,0.605,0.925
covid,200,16,0.9725850759656893,0.883668778382015,0.8563099175870382,0.6857094802937714,0.8888888888888888,0.33499999999999996,0.46499999999999997,0.72,0.98
covid,200,17,0.9997757470426641,0.9558221674048326,0.9555979144474968,0.7207490048775019,0.896551724137931,0.24,0.355,0.7050000000000001,0.97
covid,200,18,0.9997757470426641,0.9558221674048326,0.9555979144474968,0.7023041991366261,0.896551724137931,0.275,0.385,0.7050000000000001,0.97
covid,200,19,0.9922072097325784,0.8717833716432135,0.8716151819252117,0.6490441217693559,0.92,0.245,0.32499999999999996,0.63,0.95
covid,200,20,0.9997757470426641,1.0,0.9997757470426641,0.6788697650950273,0.9,0.29000000000000004,0.4,0.74,0.945
covid,200,21,0.9998318102819981,0.9504961596681056,0.9503840331894376,0.6967539384425631,0.9629629629629629,0.255,0.38,0.765,0.975
covid,200,22,0.9997757470426641,1.0,0.9997757470426641,0.7139092896787577,0.9,0.26,0.365,0.7050000000000001,0.975
covid,200,23,0.9997757470426641,0.9998878735213321,0.9997757470426641,0.6306553792678141,0.9642857142857143,0.355,0.4,0.65,0.95
covid,200,24,0.9922072097325784,0.9709592420250042,0.9707349890676683,0.6233671581543981,0.8928571428571429,0.26,0.37,0.6699999999999999,0.9299999999999999
covid,200,25,0.9707349890676683,1.0,0.9707349890676683,0.7303358188036105,0.8333333333333334,0.30000000000000004,0.38,0.685,0.955
covid,200,26,0.9922072097325784,0.9429836855973538,0.9428715591186859,0.4769860402534058,0.9615384615384616,0.31999999999999995,0.395,0.77,0.965
covid,200,27,0.9922072097325784,0.7476032965184729,0.747491170039805,0.4982900712003139,0.9545454545454546,0.275,0.345,0.65,0.945
covid,200,28,0.9997757470426641,0.9447216460167068,0.9446095195380388,0.5313673824073556,0.9615384615384616,0.22999999999999998,0.35,0.675,0.955
covid,200,29,0.9922072097325784,0.9674272579469643,0.9672590682289623,0.6652463979368729,0.9259259259259259,0.25,0.31000000000000005,0.675,0.965
covid,25,0,0.5877109379379941,0.5909065425800303,0.4208667376801032,0.24303414251275438,0.6666666666666666,0.0,0.07999999999999996,0.43999999999999995,0.88
covid,25,1,0.557156472500981,0.40247799517856137,0.1732914727812973,0.1732914727812973,0.4,0.0,0.0,0.4,0.8
covid,25,2,0.6136682177496217,0.6557717104894321,0.48718954981218815,0.3132813813982172,0.5882352941176471,0.0,0.24,0.56,0.84
covid,25,3,0.6517351572573863,0.702416325615294,0.5875427482199921,0.231204799013287,0.75,0.16000000000000003,0.24,0.64,0.76
covid,25,4,0.566406906991086,0.4638111790099232,0.3782026125469529,0.3288669619330605,0.7777777777777778,0.0,0.12,0.36,0.6799999999999999
covid,25,5,0.7065089420866738,0.5634355553063857,0.4401524920109884,0.06419240903739418,0.6470588235294118,0.16000000000000003,0.16000000000000003,0.31999999999999995,0.8
covid,25,6,0.6324494029265012,0.7054998037786624,0.5525032236362617,0.285025508773897,0.7647058823529411,0.07999999999999996,0.07999999999999996,0.56,0.76
covid,25,7,0.6585748724561306,0.5478499747715423,0.4112238605146605,0.3321746930537646,0.7333333333333333,0.0,0.0,0.36,0.76
covid,25,8,0.6466334024779952,0.44497393059370965,0.40455233503391824,0.148735773953019,0.9230769230769231,0.0,0.0,0.07999999999999996,0.64
covid,25,9,0.6428211022032854,0.4333127768122442,0.3556091270953636,0.27134607837640856,0.7,0.07999999999999996,0.16000000000000003,0.43999999999999995,0.88
covid,25,10,0.5073723159724168,0.5670236026237596,0.38195884958232884,0.16712451645456075,0.7142857142857143,0.12,0.12,0.19999999999999996,0.56
covid,25,11,0.6545383192240848,0.5983629534114481,0.4727252340640242,0.18355104557941357,0.7692307692307693,0.12,0.12,0.52,0.76
covid,25,12,0.6788137018556931,0.33211862981443063,0.2665807030330212,0.18562538543477042,0.7,0.0,0.0,0.31999999999999995,0.76
covid,25,13,0.6613780344228289,0.7462577787744576,0.5881033806133318,0.39659135504849463,0.7,0.0,0.0,0.19999999999999996,0.72
covid,25,14,0.6613780344228289,0.5845713965352918,0.4697538823793239,0.3262880529236979,0.75,0.0,0.12,0.19999999999999996,0.6
covid,25,15,0.6728709984862926,0.5915232382127039,0.5094466558277736,0.24667825306946234,0.9285714285714286,0.0,0.0,0.28,0.6799999999999999
covid,25,16,0.6374950944665583,0.5724056735998206,0.5002522845770029,0.2931546784773224,0.8571428571428571,0.0,0.0,0.28,0.88
covid,25,17,0.5192577227112182,0.40780400291528845,0.2392779054773785,0.10792173571788978,0.6363636363636364,0.07999999999999996,0.19999999999999996,0.48,1.0
covid,25,18,0.5499243146268993,0.559342938835006,0.4073554970006167,0.22167404832651227,0.7333333333333333,0.16000000000000003,0.19999999999999996,0.4,0.72
covid,25,19,0.6980433929472445,0.5606323933396873,0.4765375343387341,0.17121713292594046,0.8333333333333334,0.0,0.0,0.56,0.84
covid,25,20,0.5327689633907047,0.5010371699276783,0.2818299041318607,0.24432359701743567,0.5384615384615384,0.19999999999999996,0.24,0.4,0.76
covid,25,21,0.7533217469305377,0.47367830913270165,0.42798676907551714,0.20182766160228738,0.8461538461538461,0.0,0.0,0.4,0.92
covid,25,22,0.5800302741492404,0.5479621012502102,0.36228065257610587,0.24757526489880585,0.6666666666666666,0.28,0.28,0.43999999999999995,0.84
covid,25,23,0.7255143802208893,0.4926837472669171,0.36727028087682906,0.13875651735157257,0.6666666666666666,0.16000000000000003,0.24,0.36,0.72
covid,25,24,0.6189381622470146,0.591579301452038,0.46050344788921904,0.30173235409541965,0.6666666666666666,0.16000000000000003,0.16000000000000003,0.56,0.88
covid,25,25,0.6418680271346078,0.5126983237091439,0.4787800639120928,0.367326344116163,0.9285714285714286,0.0,0.0,0.19999999999999996,0.6
covid,25,26,0.6581263665414587,0.6314963278578236,0.49739305937097045,0.4305096148455458,0.6666666666666666,0.19999999999999996,0.36,0.6,0.96
covid,25,27,0.5960643605987553,0.4760329651847284,0.42927622358019846,0.3343050961484554,0.9230769230769231,0.07999999999999996,0.07999999999999996,0.24,0.76
covid,25,28,0.6755059707349891,0.4361159387789426,0.3543196725906823,0.14105511016426528,0.75,0.0,0.19999999999999996,0.43999999999999995,0.76
covid,25,29,0.5456074451981835,0.7109940012333913,0.4200818523294275,0.33340808431911195,0.6111111111111112,0.07999999999999996,0.19999999999999996,0.48,0.76
covid,400,0,0.9922072097325784,0.9923753994505804,0.9922072097325784,0.4416661994730055,0.9285714285714286,0.275,0.4075,0.7475,0.98
covid,400,1,0.9997757470426641,1.0,0.9997757470426641,0.7605539048046197,0.9,0.30000000000000004,0.39749999999999996,0.7775,0.97
covid,400,2,0.9997757470426641,0.9558221674048326,0.9555979144474968,0.6521836631720581,0.896551724137931,0.33999999999999997,0.4575,0.79,0.965
covid,400,3,0.9997757470426641,0.9558221674048326,0.9555979144474968,0.5237427818579357,0.896551724137931,0.39249999999999996,0.48250000000000004,0.765,0.9825
covid,400,4,0.9997757470426641,0.9558221674048326,0.9555979144474968,0.5869260525873187,0.896551724137931,0.3125,0.40249999999999997,0.7424999999999999,0.975
covid,400,5,0.9997757470426641,1.0,0.9997757470426641,0.7844368447608904,0.9,0.31999999999999995,0.43000000000000005,0.735,0.97
covid,400,6,0.9997757470426641,1.0,0.9997757470426641,0.6927734484498514,0.9,0.31499999999999995,0.405,0.7424999999999999,0.97
covid,400,7,0.9997757470426641,1.0,0.9997757470426641,0.6499411335986994,0.9,0.3275,0.42500000000000004,0.7825,0.97
covid,400,8,0.9997757470426641,1.0,0.9997757470426641,0.715030554465437,0.9,0.37,0.45499999999999996,0.78,0.9625
covid,400,9,0.9922072097325784,1.0,0.9922072097325784,0.7058922464540001,0.8666666666666667,0.4075,0.51,0.77,0.9875
covid,400,10,0.9997757470426641,1.0,0.9997757470426641,0.7608342210012895,0.9,0.32999999999999996,0.42500000000000004,0.725,0.985
covid,400,11,0.9997757470426641,0.9558221674048326,0.9555979144474968,0.7338117396423165,0.896551724137931,0.365,0.4475,0.7625,0.9775
covid,400,12,0.9997757470426641,0.9558221674048326,0.9555979144474968,0.706004372932668,0.896551724137931,0.3125,0.4325,0.75,0.9775
covid,400,13,0.9997757470426641,0.9279026742165163,0.9276784212591803,0.5938778942647307,0.896551724137931,0.2925,0.365,0.6975,0.9775
covid,400,14,0.9997757470426641,1.0,0.9997757470426641,0.6049784156528564,0.9,0.33499999999999996,0.41000000000000003,0.74,0.9675
covid,400,15,0.9997757470426641,1.0,0.9997757470426641,0.7578068060772553,0.9,0.3275,0.41000000000000003,0.7525,0.9725
covid,400,16,0.9997757470426641,0.9279026742165163,0.9276784212591803,0.6550428883780905,0.896551724137931,0.405,0.49750000000000005,0.775,0.985
covid,400,17,0.9997757470426641,1.0,0.9997757470426641,0.5935415148287269,0.9,0.37749999999999995,0.495,0.7875,0.98
covid,400,18,0.9997757470426641,1.0,0.9997757470426641,0.700846554913943,0.9,0.31999999999999995,0.4,0.73,0.9675
covid,400,19,0.9997757470426641,0.9279026742165163,0.9276784212591803,0.645343947973314,0.896551724137931,0.37250000000000005,0.4525,0.7675,0.9725
covid,400,20,0.9997757470426641,0.9279026742165163,0.9276784212591803,0.593093008914055,0.896551724137931,0.35250000000000004,0.4575,0.7875,0.985
covid,400,21,0.9997757470426641,0.9558221674048326,0.9555979144474968,0.790211358412289,0.896551724137931,0.37,0.44999999999999996,0.745,0.96
covid,400,22,0.9997757470426641,0.9279026742165163,0.9276784212591803,0.6844760890284242,0.896551724137931,0.35250000000000004,0.44499999999999995,0.7975,0.975
covid,400,23,0.9997757470426641,1.0,0.9997757470426641,0.7818579357515276,0.9,0.38,0.47750000000000004,0.7875,0.9825
covid,400,24,0.9997757470426641,0.8837248416213489,0.883500588664013,0.6549868251387565,0.8928571428571429,0.365,0.47,0.77,0.97
covid,400,25,0.9997757470426641,1.0,0.9997757470426641,0.7000616695632673,0.9,0.36250000000000004,0.44499999999999995,0.7575000000000001,0.9625
covid,400,26,0.9997757470426641,0.9064304535516062,0.9062062005942703,0.7823625049055334,0.8928571428571429,0.39,0.49250000000000005,0.7575000000000001,0.9725
covid,400,27,0.9997757470426641,1.0,0.9997757470426641,0.7109379379940574,0.9,0.3375,0.38749999999999996,0.7275,0.965
covid,400,28,0.9997757470426641,1.0,0.9997757470426641,0.7775410663228122,0.9,0.2925,0.405,0.7424999999999999,0.9625
covid,400,29,0.9997757470426641,0.9279026742165163,0.9276784212591803,0.63469193249986,0.896551724137931,0.36250000000000004,0.4425,0.76,0.98
covid,50,0,0.8825475135953358,0.4564108314178393,0.4564108314178393,0.392442675337781,1.0,0.21999999999999997,0.38,0.5800000000000001,0.9
covid,50,1,0.8582160677243931,0.8220552783539834,0.7434546168077591,0.32101810842630485,0.8571428571428571,0.06000000000000005,0.16000000000000003,0.54,0.8200000000000001
covid,50,2,0.901665078208219,0.7269720244435725,0.7268038347255704,0.43409766216291973,0.8947368421052632,0.040000000000000036,0.14,0.5800000000000001,0.88
covid,50,3,0.8334361159387791,0.7444637551157707,0.7442955653977686,0.2696081179570555,0.9,0.0,0.040000000000000036,0.26,0.8200000000000001
covid,50,4,0.802881650501766,0.6754499074956551,0.5886640130066715,0.38425744239502163,0.875,0.12,0.28,0.54,0.92
covid,50,5,0.8837248416213489,0.8357907719908056,0.7889219039076079,0.5634355553063857,0.9090909090909091,0.09999999999999998,0.16000000000000003,0.43999999999999995,0.94
covid,50,6,0.8884902169647362,0.7824185681448674,0.7551157705892246,0.41873633458541226,0.9047619047619048,0.21999999999999997,0.36,0.54,0.86
covid,50,7,0.8724561305152213,0.9520659303694567,0.8509839098503112,0.36822335594550654,0.75,0.16000000000000003,0.16000000000000003,0.56,0.96
covid,50,8,0.8134215394965523,0.7522004821438583,0.629029545327129,0.4392554801816449,0.7894736842105263,0.09999999999999998,0.16000000000000003,0.56,0.92
covid,50,9,0.9179794808544037,0.8109547569658576,0.7505185849638393,0.5517183382855861,0.8695652173913043,0.26,0.33999999999999997,0.64,0.9
covid,50,10,0.9239221842238046,0.8329315467847733,0.7894825363009476,0.4492908000224253,0.8636363636363636,0.07999999999999996,0.14,0.38,0.88
covid,50,11,0.8646072770084656,0.8245220608846779,0.7413242137130683,0.5145484106071648,0.7916666666666666,0.24,0.30000000000000004,0.36,0.84
covid,50,12,0.8772775690979426,0.8323148511520997,0.7750742837921176,0.360262375960083,0.95,0.09999999999999998,0.14,0.52,0.88
covid,50,13,0.7626282446599766,0.756237035375904,0.6607613387901553,0.42204406570611647,0.8,0.040000000000000036,0.07999999999999996,0.45999999999999996,0.88
covid,50,14,0.8245781241240119,0.8221674048326513,0.7539384425632113,0.4531031002971351,0.9047619047619048,0.09999999999999998,0.12,0.33999999999999997,0.86
covid,50,15,0.8449851432415766,0.7505746482031732,0.6544822559847508,0.4651006335146045,0.8888888888888888,0.07999999999999996,0.19999999999999996,0.52,0.88
covid,50,16,0.7977238324830409,0.6619947300555027,0.6063799966362058,0.2833996748332119,0.875,0.21999999999999997,0.21999999999999997,0.48,0.86
covid,50,17,0.8371362897348209,0.5841228906206201,0.5040645848517127,0.3676066603128329,0.7333333333333333,0.19999999999999996,0.24,0.54,0.8
covid,50,18,0.9305937097045468,0.6781409429836857,0.6405225093905927,0.2686550428883781,0.8823529411764706,0.09999999999999998,0.19999999999999996,0.5800000000000001,0.88
covid,50,19,0.8486853170376185,0.600493356506139,0.5699949543084599,0.3280260133430509,0.8666666666666667,0.24,0.30000000000000004,0.52,0.84
covid,50,20,0.8735213320625665,0.813645792453888,0.7468184111677973,0.39109715759376573,0.8571428571428571,0.09999999999999998,0.19999999999999996,0.54,0.86
covid,50,21,0.9041879239782475,0.6223580198463868,0.6223580198463868,0.37248416213488816,1.0,0.12,0.14,0.48,0.84
covid,50,22,0.8495262656276279,0.8077030890844874,0.7104894320793855,0.4368447608902843,0.7272727272727273,0.24,0.30000000000000004,0.54,0.98
covid,50,23,0.856926613219712,0.8697650950271907,0.8027134607837642,0.4811347199641195,0.9047619047619048,0.18000000000000005,0.30000000000000004,0.56,0.92
covid,50,24,0.9080562874922915,0.7488927510231541,0.664741828782867,0.3718674665022145,0.8421052631578947,0.18000000000000005,0.31999999999999995,0.6599999999999999,0.92
covid,50,25,0.8047878006391209,0.8435274990188933,0.7380725458316983,0.684588215507092,0.8333333333333334,0.040000000000000036,0.07999999999999996,0.26,0.8
covid,50,26,0.7966586309356956,0.6032965184728374,0.5471772158995346,0.24723888546280204,0.8125,0.16000000000000003,0.24,0.45999999999999996,0.88
covid,50,27,0.8842294107753548,0.8110668834445254,0.729438806974267,0.44777709256040815,0.8571428571428571,0.21999999999999997,0.30000000000000004,0.54,0.9
covid,50,28,0.7953691764310142,0.625385434770421,0.5720132309244829,0.46145652295789646,0.8333333333333334,0.16000000000000003,0.33999999999999997,0.6,0.94
covid,50,29,0.8049559903571228,0.6065481863542075,0.499971968380333,0.21657229354712115,0.75,0.12,0.19999999999999996,0.52,0.9
illegal,100,0,0.9757004999418672,0.9999999999999999,0.9757004999418672,0.3897802581095222,0.9333333333333333,0.15000000000000002,0.54,0.92,0.99
illegal,100,1,0.9999999999999999,0.9999999999999999,0.9999999999999999,0.39937216602720615,1.0,0.21999999999999997,0.5800000000000001,0.88,0.99
illegal,100,2,0.9216370189512848,0.9882571793977444,0.9098941983490292,0.44686664341355664,0.896551724137931,0.31999999999999995,0.5900000000000001,0.92,0.98
illegal,100,3,0.9519823276363213,0.9470410417393326,0.8990233693756539,0.53685617951401,0.9285714285714286,0.37,0.6,0.86,0.99
illegal,100,4,0.9730263922799673,0.7756656202767119,0.7486920125566795,0.5504592489245437,0.9523809523809523,0.30000000000000004,0.6599999999999999,0.92,0.99
illegal,100,5,0.9650622020695269,0.9999999999999999,0.9650622020695269,0.4878502499709336,0.9333333333333333,0.24,0.6699999999999999,0.95,1.0
illegal,100,6,0.9999999999999999,0.9999999999999999,0.9999999999999999,0.5542960120916173,1.0,0.24,0.5800000000000001,0.86,0.99
illegal,100,7,0.9298918730380188,0.9999999999999999,0.9298918730380188,0.4763980932449715,0.9333333333333333,0.20999999999999996,0.5700000000000001,0.83,0.96
illegal,100,8,0.9262876409719799,0.9882571793977444,0.9262876409719799,0.38140913847227076,0.896551724137931,0.17000000000000004,0.51,0.86,0.97
illegal,100,9,0.9450063946052784,0.9999999999999999,0.9450063946052784,0.4318683873968143,0.9333333333333333,0.10999999999999999,0.5900000000000001,0.86,0.96
illegal,100,10,0.9784327403790256,0.9587838623415881,0.9372166027206138,0.5077316591094059,0.9655172413793104,0.26,0.71,0.88,0.98
illegal,100,11,0.9024532031159167,0.8798976863155447,0.8235670270898733,0.3650156958493198,0.9259259259259259,0.24,0.69,0.92,0.99
illegal,100,12,0.9788396698058366,0.9999999999999999,0.9788396698058366,0.4030926636437624,0.9666666666666667,0.22999999999999998,0.5700000000000001,0.9299999999999999,1.0
illegal,100,13,0.9488431577723521,0.9470410417393326,0.9076270201139403,0.3801302174165795,0.9642857142857143,0.06999999999999995,0.43000000000000005,0.81,0.96
illegal,100,14,0.8780955702825254,0.9999999999999999,0.8780955702825254,0.4330891756772469,0.8333333333333334,0.32999999999999996,0.6599999999999999,0.91,0.99
illegal,100,15,0.9999999999999999,0.7153819323334496,0.7153819323334496,0.3391466108592025,1.0,0.31000000000000005,0.5800000000000001,0.8200000000000001,0.98
illegal,100,16,0.9132658993140332,0.9999999999999999,0.9132658993140332,0.48104871526566684,0.9,0.20999999999999996,0.55,0.78,0.97
illegal,100,17,0.9222183467038717,0.9730263922799673,0.895244738983839,0.4994768050226718,0.896551724137931,0.29000000000000004,0.6799999999999999,0.91,0.99
illegal,100,18,0.9637251482385769,0.9999999999999999,0.9637251482385769,0.5684804092547379,0.9333333333333333,0.22999999999999998,0.56,0.83,1.0
illegal,100,19,0.9430298802464829,0.9882571793977444,0.9430298802464829,0.3561795140099989,0.9310344827586207,0.13,0.5800000000000001,0.8,0.99
illegal,100,20,0.9576212068364143,0.9999999999999999,0.9576212068364143,0.5041855598186258,0.9666666666666667,0.15000000000000002,0.5700000000000001,0.9,1.0
illegal,100,21,0.945064527380537,0.9999999999999999,0.945064527380537,0.40646436460876645,0.9333333333333333,0.15000000000000002,0.5700000000000001,0.92,0.96
illegal,100,22,0.948087431693989,0.9882571793977444,0.9363446110917335,0.3139169863969306,0.9310344827586207,0.19999999999999996,0.72,0.9299999999999999,1.0
illegal,100,23,0.9999999999999999,0.9999999999999999,0.9999999999999999,0.4047785141262644,1.0,0.20999999999999996,0.61,0.83,0.99
illegal,100,24,0.919893035693524,0.9679107080572026,0.919893035693524,0.39646552726427164,0.9310344827586207,0.26,0.6699999999999999,0.87,0.99
illegal,100,25,0.9438437391001047,0.9999999999999999,0.9438437391001047,0.5357516567840949,0.9,0.19999999999999996,0.5,0.87,0.98
illegal,100,26,0.9999999999999999,0.9999999999999999,0.9999999999999999,0.513719334961051,1.0,0.15000000000000002,0.56,0.84,0.99
illegal,100,27,0.977618881525404,0.9658760609231485,0.9658760609231485,0.4551796302755493,1.0,0.13,0.55,0.92,0.99
illegal,100,28,0.9735495872572957,0.9999999999999999,0.9735495872572957,0.6528891989303569,0.9333333333333333,0.10999999999999999,0.55,0.91,0.97
illegal,100,29,0.9679107080572026,0.9999999999999999,0.9679107080572026,0.3654226252761307,0.9666666666666667,0.10999999999999999,0.43999999999999995,0.79,0.95
illegal,200,0,0.9784327403790256,0.9999999999999999,0.9784327403790256,0.6269038483897221,0.9666666666666667,0.30500000000000005,0.685,0.865,0.975
illegal,200,1,0.9999999999999999,0.9999999999999999,0.9999999999999999,0.5292989187303802,1.0,0.30000000000000004,0.685,0.915,0.995
illegal,200,2,0.9999999999999999,0.9999999999999999,0.9999999999999999,0.4393093826299268,1.0,0.31000000000000005,0.69,0.885,0.99
illegal,200,3,0.9874433205441228,0.9999999999999999,0.9874433205441228,0.5457504941285898,0.9666666666666667,0.28500000000000003,0.665,0.935,0.995
illegal,200,4,0.9882571793977444,0.9882571793977444,0.9882571793977444,0.45948145564469245,1.0,0.28500000000000003,0.665,0.905,0.99
illegal,200,5,0.9999999999999999,0.9999999999999999,0.9999999999999999,0.6328915242413672,1.0,0.21999999999999997,0.64,0.9,0.98
illegal,200,6,0.9882571793977444,0.9470410417393326,0.9470410417393326,0.3790256946866644,1.0,0.32499999999999996,0.655,0.91,0.99
illegal,200,7,0.9999999999999999,0.9999999999999999,0.9999999999999999,0.5902220672014882,1.0,0.275,0.69,0.905,0.995
illegal,200,8,0.9999999999999999,0.8798976863155447,0.8798976863155447,0.4723869317521219,1.0,0.24,0.6599999999999999,0.9,0.99
illegal,200,9,0.9882571793977444,0.9882571793977444,0.9882571793977444,0.5667945587722357,1.0,0.28500000000000003,0.7150000000000001,0.895,1.0
illegal,200,10,0.9999999999999999,0.9882571793977444,0.9882571793977444,0.6065573770491803,1.0,0.245,0.65,0.925,0.995
illegal,200,11,0.9999999999999999,0.9999999999999999,0.9999999999999999,0.5725497035228462,1.0,0.245,0.685,0.91,0.995
illegal,200,12,0.9999999999999999,0.9999999999999999,0.9999999999999999,0.37309615161027787,1.0,0.26,0.625,0.87,0.985
illegal,200,13,0.9999999999999999,0.9999999999999999,0.9999999999999999,0.6231252179979071,1.0,0.31499999999999995,0.7150000000000001,0.915,0.99
illegal,200,14,0.9999999999999999,0.9999999999999999,0.9999999999999999,0.5156377165445879,1.0,0.395,0.75,0.92,0.98
illegal,200,15,0.9999999999999999,0.9999999999999999,0.9999999999999999,0.5899895361004533,1.0,0.22999999999999998,0.615,0.9,0.985
illegal,200,16,0.9874433205441228,0.9999999999999999,0.9874433205441228,0.4974421578886177,0.9666666666666667,0.355,0.76,0.95,1.0
illegal,200,17,0.9999999999999999,0.9999999999999999,0.9999999999999999,0.48360655737704916,1.0,0.33499999999999996,0.71,0.915,0.99
illegal,200,18,0.9999999999999999,0.9999999999999999,0.9999999999999999,0.4811068480409254,1.0,0.345,0.73,0.91,0.995
illegal,200,19,0.9999999999999999,0.9999999999999999,0.9999999999999999,0.5568538542029996,1.0,0.20999999999999996,0.6,0.89,0.985
illegal,200,20,0.9999999999999999,0.9999999999999999,0.9999999999999999,0.6585280781304499,1.0,0.26,0.71,0.9,0.975
illegal,200,21,0.9999999999999999,0.9999999999999999,0.9999999999999999,0.3574584350656901,1.0,0.21499999999999997,0.625,0.885,0.985
illegal,200,22,0.9874433205441228,0.9999999999999999,0.9874433205441228,0.42210208115335424,0.9666666666666667,0.30000000000000004,0.6699999999999999,0.895,0.99
illegal,200,23,0.9999999999999999,0.9999999999999999,0.9999999999999999,0.6445180792931053,1.0,0.31999999999999995,0.645,0.92,0.99
illegal,200,24,0.9852924078595512,0.9999999999999999,0.9852924078595512,0.6010928961748635,0.9666666666666667,0.29500000000000004,0.71,0.925,0.995
illegal,200,25,0.9999999999999999,0.9999999999999999,0.9999999999999999,0.4920358097895593,1.0,0.28,0.6599999999999999,0.885,0.975
illegal,200,26,0.9999999999999999,0.9999999999999999,0.9999999999999999,0.5710382513661201,1.0,0.255,0.65,0.92,0.995
illegal,200,27,0.9750610394140216,0.9882571793977444,0.963318218811766,0.3687943262411348,0.9655172413793104,0.30500000000000005,0.735,0.92,0.985
illegal,200,28,0.9999999999999999,0.9999999999999999,0.9999999999999999,0.6010928961748633,1.0,0.255,0.635,0.905,0.985
illegal,200,29,0.9999999999999999,0.8798976863155447,0.8798976863155447,0.4475642367166609,1.0,0.345,0.7050000000000001,0.92,0.99
illegal,25,0,0.5404022788047902,0.4090222067201488,0.22619462853156608,0.22619462853156608,0.5833333333333334,0.0,0.4,0.6799999999999999,0.88
illegal,25,1,0.628415300546448,0.4165794675037786,0.297291012672945,0.0755726078362981,0.7,0.16000000000000003,0.43999999999999995,0.6,0.96
illegal,25,2,0.5818509475642367,0.3083362399720963,0.260434833158935,0.13748401348680386,0.7777777777777778,0.0,0.4,0.76,0.92
illegal,25,3,0.5778979188466458,0.4000697593303104,0.27357284036739915,0.11580048831531219,0.7,0.0,0.16000000000000003,0.52,0.88
illegal,25,4,0.5566213231019649,0.3562376467852575,0.24113475177304963,0.20497616556214396,0.6363636363636364,0.0,0.52,0.8,0.92
illegal,25,5,0.4608766422509011,0.5785373793744912,0.39704685501685844,0.2981048715265667,0.6666666666666666,0.07999999999999996,0.4,0.84,0.96
illegal,25,6,0.6365538890826647,0.47889780258109527,0.38646668991977673,0.11731194047203813,0.7692307692307693,0.07999999999999996,0.36,0.84,1.0
illegal,25,7,0.5806882920590629,0.36251598651319616,0.29240785955121495,0.22683408905941171,0.8181818181818182,0.16000000000000003,0.52,0.8,0.96
illegal,25,8,0.48186257411928846,0.45785373793744916,0.19584931984652948,0.0971398674572724,0.46153846153846156,0.24,0.56,0.96,1.0
illegal,25,9,0.55284269271015,0.33815835367980474,0.24706429484943612,0.21764911056853856,0.7,0.12,0.24,0.84,0.96
illegal,25,10,0.5635391233577491,0.4880246482967098,0.3386815486571329,0.2127078246715498,0.6428571428571429,0.07999999999999996,0.19999999999999996,0.64,0.88
illegal,25,11,0.6559702360190676,0.24340193000813862,0.24340193000813862,0.21119637251482387,1.0,0.16000000000000003,0.52,0.72,1.0
illegal,25,12,0.6339379141960237,0.3295547029415184,0.24537844436693407,0.20991745145913265,0.6666666666666666,0.31999999999999995,0.72,0.88,0.96
illegal,25,13,0.6328915242413672,0.7153237995581908,0.503953028717591,0.21619579118707127,0.65,0.16000000000000003,0.4,0.84,0.96
illegal,25,14,0.5603999534937798,0.5089524473898385,0.3458318800139519,0.2191024299500058,0.7142857142857143,0.0,0.52,0.8,0.88
illegal,25,15,0.5733635623764678,0.6675967910708057,0.43477502615974883,0.2539239623299616,0.631578947368421,0.19999999999999996,0.43999999999999995,0.84,0.92
illegal,25,16,0.517672363678642,0.5637135216835252,0.4081502150912684,0.27740960353447275,0.6875,0.0,0.28,0.72,0.88
illegal,25,17,0.5350540634809906,0.7696198116498081,0.46825950470875477,0.36495756307406113,0.5714285714285714,0.07999999999999996,0.48,0.88,1.0
illegal,25,18,0.5837111963725148,0.549645390070922,0.403732124171608,0.1863155447041042,0.6428571428571429,0.0,0.31999999999999995,0.72,1.0
illegal,25,19,0.5964422741541681,0.3152540402278805,0.3152540402278805,0.16655040111614927,1.0,0.12,0.43999999999999995,0.72,0.96
illegal,25,20,0.5600511568422277,0.38036274851761426,0.25206371352168355,0.050168585048250204,0.7,0.07999999999999996,0.36,0.76,1.0
illegal,25,21,0.5685966748052552,0.3745494709917452,0.19271014998256017,0.13626322520637135,0.6363636363636364,0.07999999999999996,0.31999999999999995,0.88,1.0
illegal,25,22,0.6152191605627252,0.5523776305080804,0.4384955237763051,0.2549122195093594,0.8,0.07999999999999996,0.64,0.84,0.96
illegal,25,23,0.5842925241251018,0.22474130915009882,0.15870247645622604,0.09033833275200559,0.6666666666666666,0.16000000000000003,0.36,0.76,0.88
illegal,25,24,0.618648994302988,0.515056388792001,0.312521799790722,0.21881176607371236,0.6428571428571429,0.07999999999999996,0.52,0.6799999999999999,0.96
illegal,25,25,0.5910940588303686,0.49244273921637016,0.3692593884432043,0.1928845483083362,0.7692307692307693,0.07999999999999996,0.28,0.6799999999999999,1.0
illegal,25,26,0.5733635623764679,0.3945471456807348,0.26212068364143704,0.19654691314963377,0.7,0.16000000000000003,0.52,0.88,1.0
illegal,25,27,0.533833275200558,0.31537030577839786,0.17143355423787934,0.17143355423787934,0.6,0.0,0.24,0.6799999999999999,1.0
illegal,25,28,0.6556795721427742,0.3468201371933496,0.3106615509824439,0.11655621439367515,0.9,0.0,0.36,0.72,1.0
illegal,25,29,0.5777816532961283,0.3146727124752936,0.2785141262643879,0.21235902801999768,0.9,0.28,0.6799999999999999,0.84,1.0
illegal,400,0,0.9999999999999999,0.9999999999999999,0.9999999999999999,0.5187768864085571,1.0,0.385,0.7150000000000001,0.9,0.9875
illegal,400,1,0.9999999999999999,0.9999999999999999,0.9999999999999999,0.5187187536332984,1.0,0.35,0.7324999999999999,0.9175,0.9875
illegal,400,2,0.9999999999999999,0.9999999999999999,0.9999999999999999,0.45512149750029063,1.0,0.365,0.775,0.945,0.995
illegal,400,3,0.9999999999999999,0.9882571793977444,0.9882571793977444,0.6946866643413556,1.0,0.3425,0.745,0.9475,0.9925
illegal,400,4,0.9999999999999999,0.9999999999999999,0.9999999999999999,0.45000581327752587,1.0,0.33999999999999997,0.7025,0.905,0.9925
illegal,400,5,0.9999999999999999,0.9999999999999999,0.9999999999999999,0.4190210440646437,1.0,0.32499999999999996,0.7150000000000001,0.91,0.9875
illegal,400,6,0.9999999999999999,0.9999999999999999,0.9999999999999999,0.6185327287524706,1.0,0.365,0.6925,0.91,0.99
illegal,400,7,0.9999999999999999,0.9999999999999999,0.9999999999999999,0.5252877572375305,1.0,0.32999999999999996,0.71,0.915,0.995
illegal,400,8,0.9999999999999999,0.9999999999999999,0.9999999999999999,0.5160446459713987,1.0,0.35750000000000004,0.73,0.9275,1.0
illegal,400,9,0.9999999999999999,0.9999999999999999,0.9999999999999999,0.6373096151610277,1.0,0.405,0.7525,0.9425,0.985
illegal,400,10,0.9999999999999999,0.9999999999999999,0.9999999999999999,0.49168701313800717,1.0,0.37,0.7075,0.9375,0.9925
illegal,400,11,0.9999999999999999,0.9999999999999999,0.9999999999999999,0.37931635856295787,1.0,0.37749999999999995,0.71,0.9175,0.985
illegal,400,12,0.9999999999999999,0.9999999999999999,0.9999999999999999,0.6128357167771189,1.0,0.37,0.71,0.9025,0.9725
illegal,400,13,0.9999999999999999,0.9999999999999999,0.9999999999999999,0.5413324032089292,1.0,0.30000000000000004,0.6725,0.9,0.9775
illegal,400,14,0.9999999999999999,0.9999999999999999,0.9999999999999999,0.5535402860132543,1.0,0.3275,0.7375,0.935,0.99
illegal,400,15,0.9999999999999999,0.9999999999999999,0.9999999999999999,0.49598883850715036,1.0,0.39249999999999996,0.745,0.915,0.98
illegal,400,16,0.9999999999999999,0.9999999999999999,0.9999999999999999,0.5733054296012091,1.0,0.37749999999999995,0.7324999999999999,0.915,0.985
illegal,400,17,0.9999999999999999,0.9999999999999999,0.9999999999999999,0.5593535635391234,1.0,0.405,0.7575000000000001,0.945,0.9975
illegal,400,18,0.9999999999999999,0.9999999999999999,0.9999999999999999,0.4850017439832578,1.0,0.38749999999999996,0.7275,0.9275,0.9725
illegal,400,19,0.9999999999999999,0.9999999999999999,0.9999999999999999,0.5033135681897455,1.0,0.4125,0.7324999999999999,0.92,0.9875
illegal,400,20,0.9999999999999999,0.9999999999999999,0.9999999999999999,0.3786768980351122,1.0,0.43500000000000005,0.745,0.9025,0.9925
illegal,400,21,0.9999999999999999,0.9999999999999999,0.9999999999999999,0.5302290431345192,1.0,0.39749999999999996,0.775,0.9375,0.9925
illegal,400,22,0.9999999999999999,0.8916405069178002,0.8916405069178002,0.43175212184629697,1.0,0.37,0.7475,0.9275,0.9875
illegal,400,23,0.9999999999999999,0.9999999999999999,0.9999999999999999,0.4842460179048948,1.0,0.375,0.7625,0.9325,0.985
illegal,400,24,0.9999999999999999,0.9999999999999999,0.9999999999999999,0.507150331356819,1.0,0.36750000000000005,0.73,0.945,0.9975
illegal,400,25,0.9999999999999999,0.9999999999999999,0.9999999999999999,0.557900244157656,1.0,0.3275,0.7224999999999999,0.9375,0.9925
illegal,400,26,0.9999999999999999,0.9999999999999999,0.9999999999999999,0.595512149750029,1.0,0.33999999999999997,0.74,0.91,0.9875
illegal,400,27,0.9999999999999999,0.9999999999999999,0.9999999999999999,0.6600395302871759,1.0,0.3425,0.73,0.92,0.9875
illegal,400,28,0.9999999999999999,0.9999999999999999,0.9999999999999999,0.4944773863504244,1.0,0.33999999999999997,0.7050000000000001,0.9275,1.0
illegal,400,29,0.9999999999999999,0.9999999999999999,0.9999999999999999,0.5750494128589698,1.0,0.2875,0.6925,0.9299999999999999,0.99
illegal,50,0,0.8253691431228927,0.6199279153586792,0.5664457621206836,0.37792117195674924,0.8947368421052632,0.07999999999999996,0.42000000000000004,0.78,0.96
illegal,50,1,0.7991512614812231,0.6921288222299733,0.5351121962562493,0.3512382281130101,0.75,0.19999999999999996,0.54,0.78,0.94
illegal,50,2,0.8263574003022904,0.5755144750610395,0.5104638995465645,0.33060109289617484,0.8125,0.28,0.45999999999999996,0.8,0.98
illegal,50,3,0.8254854086734101,0.8331008022322987,0.711545169166376,0.3383327520055807,0.8,0.09999999999999998,0.5800000000000001,0.8,0.96
illegal,50,4,0.8957679339611674,0.9999999999999999,0.8957679339611674,0.34426229508196726,0.8333333333333334,0.21999999999999997,0.64,0.88,0.92
illegal,50,5,0.8507731659109407,0.561853272875247,0.561853272875247,0.2943262411347518,1.0,0.07999999999999996,0.5,0.74,0.92
illegal,50,6,0.8060690617370073,0.4802929891873038,0.4802929891873038,0.21317288687361932,1.0,0.07999999999999996,0.54,0.8,0.96
illegal,50,7,0.7970003487966515,0.8073479827926985,0.6455644692477618,0.37402627601441696,0.8,0.07999999999999996,0.6,0.86,0.98
illegal,50,8,0.8047320079060574,0.9561678874549471,0.8047320079060574,0.3722822927566562,0.7857142857142857,0.19999999999999996,0.48,0.8,0.96
illegal,50,9,0.896756191140565,0.8208347866527148,0.7175909777932798,0.26206255086617836,0.8,0.06000000000000005,0.38,0.8,0.94
illegal,50,10,0.9326241134751773,0.9458783862341588,0.8902453203115915,0.4696546913149634,0.9285714285714286,0.14,0.52,0.78,0.98
illegal,50,11,0.830194163469364,0.8938495523776304,0.7678758283920475,0.3529822113707709,0.8076923076923077,0.18000000000000005,0.6,0.86,0.98
illegal,50,12,0.8897802581095222,0.8159516335309848,0.7390419718637369,0.5629577956051622,0.88,0.12,0.48,0.88,0.94
illegal,50,13,0.8357749098941983,0.9535519125683061,0.8010696430647599,0.19712824090222067,0.7857142857142857,0.28,0.56,0.84,0.94
illegal,50,14,0.9397163120567376,0.8331008022322987,0.8049064062318335,0.4149517497965354,0.96,0.07999999999999996,0.4,0.86,1.0
illegal,50,15,0.8897221253342634,0.7302639227996744,0.6900360423206604,0.4576212068364144,0.9047619047619048,0.0,0.45999999999999996,0.8,0.98
illegal,50,16,0.8547843274037903,0.7816532961283572,0.6723055458667597,0.3507150331356819,0.8333333333333334,0.12,0.45999999999999996,0.78,0.96
illegal,50,17,0.8574003022904314,0.935879548889664,0.8279851180095338,0.37536332984536686,0.8571428571428571,0.16000000000000003,0.42000000000000004,0.86,0.98
illegal,50,18,0.801825369143123,0.9882571793977444,0.801825369143123,0.3723404255319149,0.7586206896551724,0.14,0.5,0.86,1.0
illegal,50,19,0.7963027554935473,0.9679107080572026,0.7642134635507498,0.43233344959888387,0.7931034482758621,0.09999999999999998,0.42000000000000004,0.76,0.94
illegal,50,20,0.8349029182653179,0.749738402511336,0.6322520637135217,0.47314265783048487,0.8181818181818182,0.18000000000000005,0.48,0.86,0.98
illegal,50,21,0.785257528194396,0.6239390768515288,0.5066852691547494,0.2970584815719103,0.8333333333333334,0.06000000000000005,0.31999999999999995,0.88,1.0
illegal,50,22,0.8304848273456575,0.9050691780025578,0.7649691896291128,0.3038018835019184,0.8076923076923077,0.12,0.42000000000000004,0.8,1.0
illegal,50,23,0.7676432972910127,0.7572956632949658,0.597779327985118,0.3154865713289153,0.8181818181818182,0.26,0.45999999999999996,0.6799999999999999,0.96
illegal,50,24,0.7897337518893152,0.9882571793977444,0.7897337518893152,0.3678642018369957,0.7241379310344828,0.14,0.54,0.86,1.0
illegal,50,25,0.7382862457853737,0.9015230787117777,0.7113126380653413,0.32170677828159516,0.7407407407407407,0.14,0.6,0.86,0.96
illegal,50,26,0.8134519241948611,0.8798976863155447,0.7050924311126614,0.3528659458202535,0.7777777777777778,0.26,0.52,0.86,1.0
illegal,50,27,0.8156609696546914,0.8244971514940124,0.7167189861643994,0.43326357400302296,0.875,0.21999999999999997,0.56,0.86,0.98
illegal,50,28,0.8475177304964538,0.9576212068364143,0.8051389373328682,0.3987327054993606,0.7931034482758621,0.19999999999999996,0.6,0.84,0.98
illegal,50,29,0.7745029647715381,0.5369143122892687,0.5074991280083712,0.2690384838972213,0.9285714285714286,0.19999999999999996,0.5800000000000001,0.94,1.0
sv_askdocs,100,0,0.8941,0.9783,0.8941,0.7273,0.896551724137931,0.06999999999999995,0.0,0.020000000000000018,0.10999999999999999
sv_askdocs,100,1,1.0,0.8407,0.8407,0.6266999999999999,1.0,0.07999999999999996,0.0,0.020000000000000018,0.07999999999999996
sv_askdocs,100,2,0.9356999999999999,0.7816,0.7816,0.522,1.0,0.07999999999999996,0.0,0.020000000000000018,0.09999999999999998
sv_askdocs,100,3,0.9527999999999998,0.7752999999999999,0.7752999999999999,0.5467,1.0,0.21999999999999997,0.0,0.020000000000000018,0.21999999999999997
sv_askdocs,100,4,0.9772,0.9128,0.9128,0.6113999999999998,1.0,0.12,0.0,0.040000000000000036,0.15000000000000002
sv_askdocs,100,5,0.9501,0.9092,0.8593000000000001,0.5976999999999999,0.9259259259259259,0.08999999999999997,0.0,0.0,0.10999999999999999
sv_askdocs,100,6,0.9232999999999998,0.8293,0.8022999999999999,0.5466,0.9583333333333334,0.07999999999999996,0.0,0.0,0.12
sv_askdocs,100,7,0.9335,1.0,0.9335,0.5801,0.9,0.08999999999999997,0.0,0.0,0.09999999999999998
sv_askdocs,100,8,0.9681,0.5271,0.5271,0.0248,1.0,0.20999999999999996,0.020000000000000018,0.050000000000000044,0.26
sv_askdocs,100,9,0.9521999999999998,0.7725,0.7725,0.42230000000000006,1.0,0.07999999999999996,0.0,0.0,0.14
sv_askdocs,100,10,1.0,0.9421999999999999,0.9421999999999999,0.64,1.0,0.06999999999999995,0.020000000000000018,0.020000000000000018,0.10999999999999999
sv_askdocs,100,11,0.9598999999999999,0.9166999999999998,0.8944,0.6261999999999999,0.9615384615384616,0.15000000000000002,0.0,0.040000000000000036,0.18999999999999995
sv_askdocs,100,12,0.9783,1.0,0.9783,0.6794999999999999,0.9666666666666667,0.07999999999999996,0.0,0.020000000000000018,0.14
sv_askdocs,100,13,0.9729999999999999,0.8692000000000001,0.8422000000000001,0.6753999999999999,0.96,0.16000000000000003,0.020000000000000018,0.06000000000000005,0.18000000000000005
sv_askdocs,100,14,0.9471999999999998,1.0,0.9471999999999998,0.5879,0.9333333333333333,0.14,0.0,0.0,0.21999999999999997
sv_askdocs,100,15,0.9505999999999998,0.7432,0.7162,0.5091,0.9523809523809523,0.14,0.0,0.040000000000000036,0.17000000000000004
sv_askdocs,100,16,0.9518999999999999,0.8503000000000001,0.8503000000000001,0.5085999999999999,1.0,0.06000000000000005,0.0,0.0,0.06000000000000005
sv_askdocs,100,17,1.0,0.8942,0.8942,0.4957,1.0,0.17000000000000004,0.020000000000000018,0.040000000000000036,0.18000000000000005
sv_askdocs,100,18,0.9497,0.956,0.9057000000000001,0.6610999999999999,0.9285714285714286,0.06000000000000005,0.0,0.0,0.09999999999999998
sv_askdocs,100,19,0.9447999999999998,0.9752,0.9447999999999998,0.7102999999999999,0.9655172413793104,0.16000000000000003,0.0,0.040000000000000036,0.20999999999999996
sv_askdocs,100,20,0.9725,1.0,0.9725,0.6382,0.9666666666666667,0.06000000000000005,0.0,0.0,0.08999999999999997
sv_askdocs,100,21,0.9364999999999999,0.9057999999999999,0.8704999999999999,0.6908,0.9629629629629629,0.06000000000000005,0.0,0.0,0.06000000000000005
sv_askdocs,100,22,0.9484999999999998,0.9163999999999999,0.8949,0.6102999999999998,0.9629629629629629,0.19999999999999996,0.020000000000000018,0.040000000000000036,0.25
sv_askdocs,100,23,0.9821999999999999,0.8268,0.8268,0.49870000000000003,1.0,0.08999999999999997,0.0,0.040000000000000036,0.16000000000000003
sv_askdocs,100,24,0.9775999999999999,0.6394999999999998,0.6394999999999998,0.4002,1.0,0.06999999999999995,0.0,0.0,0.08999999999999997
sv_askdocs,100,25,0.9821999999999999,0.9573999999999999,0.9573999999999999,0.6773999999999999,1.0,0.10999999999999999,0.0,0.020000000000000018,0.15000000000000002
sv_askdocs,100,26,0.9651,1.0,0.9651,0.6456,0.9666666666666667,0.09999999999999998,0.0,0.0,0.12
sv_askdocs,100,27,0.9481999999999998,0.8813,0.8294999999999999,0.6156999999999999,0.9230769230769231,0.06999999999999995,0.0,0.020000000000000018,0.08999999999999997
sv_askdocs,100,28,1.0,0.9180999999999999,0.9180999999999999,0.6642999999999999,1.0,0.12,0.0,0.020000000000000018,0.15000000000000002
sv_askdocs,100,29,1.0,0.9696999999999999,0.9696999999999999,0.6721,1.0,0.09999999999999998,0.0,0.0,0.09999999999999998
sv_askdocs,200,0,1.0,1.0,1.0,0.758,1.0,0.10999999999999999,0.0,0.025000000000000022,0.15000000000000002
sv_askdocs,200,1,1.0,1.0,1.0,0.6570999999999999,1.0,0.15000000000000002,0.0,0.03500000000000003,0.18000000000000005
sv_askdocs,200,2,1.0,1.0,1.0,0.6962,1.0,0.17000000000000004,0.010000000000000009,0.03500000000000003,0.20499999999999996
sv_askdocs,200,3,1.0,1.0,1.0,0.5733999999999999,1.0,0.15000000000000002,0.0,0.030000000000000027,0.19499999999999995
sv_askdocs,200,4,1.0,1.0,1.0,0.734,1.0,0.18000000000000005,0.015000000000000013,0.015000000000000013,0.20499999999999996
sv_askdocs,200,5,1.0,1.0,1.0,0.6875999999999999,1.0,0.20999999999999996,0.0,0.010000000000000009,0.25
sv_askdocs,200,6,1.0,1.0,1.0,0.7476,1.0,0.135,0.0,0.06000000000000005,0.16000000000000003
sv_askdocs,200,7,1.0,0.9195,0.9195,0.7527,1.0,0.16500000000000004,0.0,0.010000000000000009,0.22499999999999998
sv_askdocs,200,8,1.0,1.0,1.0,0.7256,1.0,0.16500000000000004,0.0,0.030000000000000027,0.20499999999999996
sv_askdocs,200,9,1.0,1.0,1.0,0.6887,1.0,0.20999999999999996,0.010000000000000009,0.025000000000000022,0.265
sv_askdocs,200,10,1.0,1.0,1.0,0.6760999999999998,1.0,0.12,0.0,0.040000000000000036,0.15500000000000003
sv_askdocs,200,11,1.0,1.0,1.0,0.7519,1.0,0.15000000000000002,0.010000000000000009,0.030000000000000027,0.18500000000000005
sv_askdocs,200,12,1.0,1.0,1.0,0.7739,1.0,0.21499999999999997,0.0,0.040000000000000036,0.255
sv_askdocs,200,13,1.0,1.0,1.0,0.6354999999999998,1.0,0.22499999999999998,0.0,0.050000000000000044,0.31499999999999995
sv_askdocs,200,14,1.0,1.0,1.0,0.6583999999999999,1.0,0.22999999999999998,0.0,0.04500000000000004,0.26
sv_askdocs,200,15,0.9784,1.0,0.9784,0.6597,0.9666666666666667,0.18000000000000005,0.0,0.0,0.21499999999999997
sv_askdocs,200,16,1.0,1.0,1.0,0.7417,1.0,0.18999999999999995,0.010000000000000009,0.030000000000000027,0.235
sv_askdocs,200,17,1.0,1.0,1.0,0.841,1.0,0.16000000000000003,0.040000000000000036,0.050000000000000044,0.18000000000000005
sv_askdocs,200,18,1.0,1.0,1.0,0.5798,1.0,0.125,0.0,0.010000000000000009,0.16500000000000004
sv_askdocs,200,19,1.0,1.0,1.0,0.7124999999999999,1.0,0.15000000000000002,0.0,0.040000000000000036,0.17000000000000004
sv_askdocs,200,20,1.0,1.0,1.0,0.8148000000000001,1.0,0.16500000000000004,0.010000000000000009,0.03500000000000003,0.19499999999999995
sv_askdocs,200,21,1.0,0.9573,0.9573,0.6103,1.0,0.135,0.0,0.025000000000000022,0.18500000000000005
sv_askdocs,200,22,1.0,1.0,1.0,0.7166999999999999,1.0,0.22499999999999998,0.010000000000000009,0.06000000000000005,0.275
sv_askdocs,200,23,1.0,1.0,1.0,0.7850999999999999,1.0,0.13,0.0,0.030000000000000027,0.20999999999999996
sv_askdocs,200,24,1.0,1.0,1.0,0.7745000000000001,1.0,0.19999999999999996,0.010000000000000009,0.040000000000000036,0.25
sv_askdocs,200,25,1.0,1.0,1.0,0.6732999999999999,1.0,0.20499999999999996,0.0,0.020000000000000018,0.25
sv_askdocs,200,26,1.0,1.0,1.0,0.7627999999999999,1.0,0.125,0.0,0.0,0.15000000000000002
sv_askdocs,200,27,1.0,1.0,1.0,0.7202999999999999,1.0,0.14,0.010000000000000009,0.020000000000000018,0.18000000000000005
sv_askdocs,200,28,0.9695999999999999,1.0,0.9695999999999999,0.7941,0.9666666666666667,0.10999999999999999,0.0,0.020000000000000018,0.18000000000000005
sv_askdocs,200,29,1.0,1.0,1.0,0.8385999999999999,1.0,0.20499999999999996,0.0,0.020000000000000018,0.26
sv_askdocs,25,0,0.6936,0.4682,0.4682,0.25049999999999994,1.0,0.0,0.0,0.0,0.0
sv_askdocs,25,1,0.5877,0.4003,0.333,0.23310000000000003,0.9090909090909091,0.07999999999999996,0.0,0.07999999999999996,0.19999999999999996
sv_askdocs,25,2,0.5568000000000001,0.44739999999999996,0.3063,0.23109999999999997,0.7692307692307693,0.0,0.0,0.0,0.0
sv_askdocs,25,3,0.481,0.39270000000000005,0.30929999999999996,0.2031,0.75,0.0,0.0,0.0,0.0
sv_askdocs,25,4,0.6327999999999999,0.573,0.49989999999999996,0.26080000000000003,0.875,0.0,0.0,0.0,0.0
sv_askdocs,25,5,0.5247999999999999,0.36700000000000005,0.3059,0.2706,0.8333333333333334,0.07999999999999996,0.0,0.0,0.07999999999999996
sv_askdocs,25,6,0.6398999999999999,0.3988,0.2974,0.1572,0.8333333333333334,0.0,0.0,0.0,0.07999999999999996
sv_askdocs,25,7,0.5624,0.47009999999999996,0.3832,0.14959999999999998,0.8181818181818182,0.07999999999999996,0.0,0.0,0.07999999999999996
sv_askdocs,25,8,0.5585,0.4466,0.3556,0.2486,0.7692307692307693,0.0,0.0,0.0,0.0
sv_askdocs,25,9,0.6275,0.5444,0.40140000000000003,0.262,0.6666666666666666,0.0,0.0,0.0,0.0
sv_askdocs,25,10,0.598,0.5122,0.4506,0.2465,0.8571428571428571,0.0,0.0,0.0,0.0
sv_askdocs,25,11,0.6004,0.464,0.4336,0.2972,0.9090909090909091,0.0,0.0,0.0,0.0
sv_askdocs,25,12,0.5846999999999999,0.2988,0.2647,0.22979999999999998,0.8888888888888888,0.0,0.0,0.0,0.0
sv_askdocs,25,13,0.6629999999999999,0.5646,0.485,0.30569999999999997,0.8125,0.0,0.0,0.0,0.0
sv_askdocs,25,14,0.6745000000000001,0.6043,0.5275,0.38079999999999997,0.8823529411764706,0.0,0.0,0.0,0.07999999999999996
sv_askdocs,25,15,0.606,0.5629,0.4557,0.2887,0.8,0.07999999999999996,0.0,0.0,0.07999999999999996
sv_askdocs,25,16,0.5667,0.2784,0.15539999999999998,0.0,0.5,0.0,0.0,0.0,0.07999999999999996
sv_askdocs,25,17,0.5823,0.5651999999999999,0.4627,0.26639999999999997,0.8666666666666667,0.0,0.0,0.0,0.0
sv_askdocs,25,18,0.48379999999999995,0.549,0.37179999999999996,0.16799999999999998,0.6428571428571429,0.0,0.0,0.0,0.07999999999999996
sv_askdocs,25,19,0.5298,0.49890000000000007,0.35000000000000003,0.35000000000000003,0.7692307692307693,0.0,0.0,0.0,0.07999999999999996
sv_askdocs,25,20,0.6781999999999999,0.4162,0.4162,0.33940000000000003,1.0,0.0,0.0,0.0,0.0
sv_askdocs,25,21,0.6226,0.5748999999999999,0.48890000000000006,0.34650000000000003,0.8,0.0,0.0,0.0,0.0
sv_askdocs,25,22,0.5769,0.4523,0.41,0.3038,0.9166666666666666,0.0,0.0,0.0,0.0
sv_askdocs,25,23,0.5717,0.2758,0.2758,0.2113,1.0,0.07999999999999996,0.0,0.0,0.16000000000000003
sv_askdocs,25,24,0.6213000000000001,0.3805,0.3502,0.2137,0.9,0.0,0.0,0.0,0.0
sv_askdocs,25,25,0.5572,0.38520000000000004,0.25889999999999996,0.12940000000000002,0.6,0.16000000000000003,0.0,0.0,0.16000000000000003
sv_askdocs,25,26,0.5569999999999998,0.4378,0.3381,0.25959999999999994,0.7692307692307693,0.07999999999999996,0.0,0.0,0.07999999999999996
sv_askdocs,25,27,0.6395000000000001,0.539,0.43860000000000005,0.2616,0.8,0.0,0.0,0.0,0.0
sv_askdocs,25,28,0.5891,0.461,0.3965,0.2052,0.8333333333333334,0.0,0.0,0.0,0.0
sv_askdocs,25,29,0.6981999999999999,0.4828,0.42540000000000006,0.39790000000000003,0.8571428571428571,0.0,0.0,0.0,0.0
sv_askdocs,400,0,1.0,1.0,1.0,0.7987000000000001,1.0,0.31000000000000005,0.010000000000000009,0.05500000000000005,0.37
sv_askdocs,400,1,1.0,1.0,1.0,0.7901,1.0,0.26749999999999996,0.01749999999999996,0.06000000000000005,0.30000000000000004
sv_askdocs,400,2,1.0,1.0,1.0,0.7701,1.0,0.26249999999999996,0.020000000000000018,0.0625,0.3375
sv_askdocs,400,3,1.0,1.0,1.0,0.8195,1.0,0.26,0.015000000000000013,0.04749999999999999,0.3225
sv_askdocs,400,4,1.0,1.0,1.0,0.7538,1.0,0.22999999999999998,0.012499999999999956,0.03249999999999997,0.30000000000000004
sv_askdocs,400,5,1.0,1.0,1.0,0.7469,1.0,0.255,0.0,0.040000000000000036,0.30000000000000004
sv_askdocs,400,6,1.0,1.0,1.0,0.8017,1.0,0.21499999999999997,0.015000000000000013,0.03500000000000003,0.27
sv_askdocs,400,7,1.0,1.0,1.0,0.7909,1.0,0.26,0.012499999999999956,0.03749999999999998,0.3075
sv_askdocs,400,8,1.0,1.0,1.0,0.7343,1.0,0.2925,0.012499999999999956,0.0675,0.365
sv_askdocs,400,9,1.0,1.0,1.0,0.7601,1.0,0.20750000000000002,0.007499999999999951,0.06000000000000005,0.26
sv_askdocs,400,10,1.0,1.0,1.0,0.7746000000000001,1.0,0.23250000000000004,0.010000000000000009,0.03749999999999998,0.3025
sv_askdocs,400,11,1.0,1.0,1.0,0.7538,1.0,0.2925,0.0050000000000000044,0.06000000000000005,0.3325
sv_askdocs,400,12,1.0,1.0,1.0,0.8634,1.0,0.26249999999999996,0.025000000000000022,0.07250000000000001,0.33499999999999996
sv_askdocs,400,13,1.0,1.0,1.0,0.6876,1.0,0.245,0.01749999999999996,0.08999999999999997,0.33999999999999997
sv_askdocs,400,14,1.0,1.0,1.0,0.7529,1.0,0.22999999999999998,0.0,0.025000000000000022,0.27749999999999997
sv_askdocs,400,15,1.0,1.0,1.0,0.8331999999999999,1.0,0.22499999999999998,0.015000000000000013,0.06999999999999995,0.28500000000000003
sv_askdocs,400,16,1.0,1.0,1.0,0.8091,1.0,0.3075,0.0,0.050000000000000044,0.37749999999999995
sv_askdocs,400,17,1.0,1.0,1.0,0.7248999999999999,1.0,0.275,0.0050000000000000044,0.03249999999999997,0.3175
sv_askdocs,400,18,1.0,1.0,1.0,0.7961,1.0,0.25,0.010000000000000009,0.05249999999999999,0.30500000000000005
sv_askdocs,400,19,1.0,1.0,1.0,0.7392000000000001,1.0,0.21750000000000003,0.0050000000000000044,0.03749999999999998,0.27749999999999997
sv_askdocs,400,20,1.0,1.0,1.0,0.6688,1.0,0.27,0.015000000000000013,0.04500000000000004,0.32499999999999996
sv_askdocs,400,21,1.0,1.0,1.0,0.7258,1.0,0.24,0.0050000000000000044,0.03249999999999997,0.29500000000000004
sv_askdocs,400,22,1.0,1.0,1.0,0.8261999999999999,1.0,0.25249999999999995,0.010000000000000009,0.05500000000000005,0.3025
sv_askdocs,400,23,1.0,1.0,1.0,0.6257999999999999,1.0,0.22999999999999998,0.010000000000000009,0.050000000000000044,0.30000000000000004
sv_askdocs,400,24,1.0,1.0,1.0,0.7094,1.0,0.24750000000000005,0.0050000000000000044,0.02749999999999997,0.3175
sv_askdocs,400,25,1.0,1.0,1.0,0.7396999999999999,1.0,0.26,0.0050000000000000044,0.040000000000000036,0.3125
sv_askdocs,400,26,1.0,1.0,1.0,0.841,1.0,0.26,0.025000000000000022,0.040000000000000036,0.3025
sv_askdocs,400,27,1.0,1.0,1.0,0.8331999999999999,1.0,0.2975,0.020000000000000018,0.050000000000000044,0.355
sv_askdocs,400,28,1.0,1.0,1.0,0.7898999999999999,1.0,0.26,0.025000000000000022,0.07750000000000001,0.3375
sv_askdocs,400,29,1.0,0.9645999999999998,0.9645999999999998,0.7303999999999999,1.0,0.23750000000000004,0.0050000000000000044,0.04500000000000004,0.275
sv_askdocs,50,0,0.7703999999999999,0.7288999999999999,0.5958999999999999,0.4595000000000001,0.8,0.040000000000000036,0.0,0.0,0.07999999999999996
sv_askdocs,50,1,0.7712,0.6416999999999999,0.6416999999999999,0.5418,1.0,0.0,0.0,0.0,0.0
sv_askdocs,50,2,0.8004999999999999,0.6449999999999999,0.5686,0.4359,0.8823529411764706,0.14,0.0,0.07999999999999996,0.18000000000000005
sv_askdocs,50,3,0.8194,0.7351,0.7081,0.4961,0.95,0.0,0.0,0.0,0.040000000000000036
sv_askdocs,50,4,0.8317,0.8267,0.7185,0.5668000000000001,0.8333333333333334,0.07999999999999996,0.0,0.040000000000000036,0.07999999999999996
sv_askdocs,50,5,0.8137,0.6611999999999999,0.5615,0.3929,0.85,0.0,0.0,0.0,0.0
sv_askdocs,50,6,0.8177,0.76,0.7296,0.5153,0.9523809523809523,0.0,0.0,0.0,0.12
sv_askdocs,50,7,0.8414,0.6236999999999999,0.5514,0.3931,0.8888888888888888,0.07999999999999996,0.0,0.0,0.12
sv_askdocs,50,8,0.7838999999999999,0.8230000000000001,0.656,0.4973,0.84,0.040000000000000036,0.0,0.0,0.06000000000000005
sv_askdocs,50,9,0.8319,0.6837999999999999,0.5983999999999999,0.4207,0.8571428571428571,0.040000000000000036,0.0,0.0,0.040000000000000036
sv_askdocs,50,10,0.8081999999999999,0.687,0.6642,0.44999999999999996,0.9473684210526315,0.0,0.0,0.0,0.0
sv_askdocs,50,11,0.8458,0.9560999999999998,0.8233999999999999,0.6096999999999999,0.8214285714285714,0.040000000000000036,0.0,0.0,0.040000000000000036
sv_askdocs,50,12,0.8635999999999999,0.8487,0.7649,0.5327999999999999,0.875,0.0,0.0,0.0,0.0
sv_askdocs,50,13,0.6887999999999999,0.6678000000000001,0.5381,0.4015000000000001,0.8235294117647058,0.09999999999999998,0.040000000000000036,0.07999999999999996,0.09999999999999998
sv_askdocs,50,14,0.7870999999999999,0.7686,0.6686999999999999,0.5245,0.8636363636363636,0.0,0.0,0.0,0.07999999999999996
sv_askdocs,50,15,0.8741,0.6105999999999999,0.5364,0.3927,0.8333333333333334,0.09999999999999998,0.0,0.040000000000000036,0.09999999999999998
sv_askdocs,50,16,0.8129,0.6512,0.5923,0.40309999999999996,0.8947368421052632,0.06000000000000005,0.0,0.0,0.06000000000000005
sv_askdocs,50,17,0.9134,0.7121,0.6897999999999999,0.45370000000000005,0.9545454545454546,0.07999999999999996,0.0,0.040000000000000036,0.07999999999999996
sv_askdocs,50,18,0.8778999999999999,0.6990999999999999,0.6366999999999999,0.31,0.9,0.12,0.0,0.040000000000000036,0.12
sv_askdocs,50,19,0.7829999999999999,0.7509999999999999,0.6851999999999999,0.4412,0.9047619047619048,0.09999999999999998,0.0,0.0,0.18000000000000005
sv_askdocs,50,20,0.7827000000000001,0.7664,0.6839999999999999,0.4448,0.8571428571428571,0.040000000000000036,0.0,0.0,0.040000000000000036
sv_askdocs,50,21,0.7837000000000001,0.6708999999999999,0.5982,0.35440000000000005,0.8947368421052632,0.040000000000000036,0.0,0.0,0.09999999999999998
sv_askdocs,50,22,0.7612999999999999,0.6349999999999999,0.5458999999999999,0.1298,0.8333333333333334,0.14,0.040000000000000036,0.06000000000000005,0.16000000000000003
sv_askdocs,50,23,0.8296999999999999,0.6574,0.635,0.4514,0.9473684210526315,0.07999999999999996,0.0,0.0,0.07999999999999996
sv_askdocs,50,24,0.8326,0.7764999999999999,0.6620999999999999,0.4742,0.8181818181818182,0.040000000000000036,0.0,0.0,0.040000000000000036
sv_askdocs,50,25,0.8716,0.85,0.85,0.6373,1.0,0.040000000000000036,0.0,0.0,0.07999999999999996
sv_askdocs,50,26,0.8179,0.7722999999999999,0.6945999999999999,0.4388,0.9090909090909091,0.0,0.0,0.0,0.0
sv_askdocs,50,27,0.8245,0.6255,0.5773999999999999,0.33440000000000003,0.8888888888888888,0.0,0.0,0.0,0.0
sv_askdocs,50,28,0.8996999999999999,0.652,0.652,0.3295,1.0,0.0,0.0,0.0,0.0
sv_askdocs,50,29,0.8656999999999999,0.5782,0.5554,0.39330000000000004,0.9375,0.0,0.0,0.0,0.06000000000000005
sv_trump,100,0,0.9269999999999999,0.9083,0.8608999999999999,0.5362,0.8846153846153846,0.22999999999999998,0.35,0.71,0.97
sv_trump,100,1,0.9854999999999999,0.8686,0.8664000000000001,0.499,0.96,0.22999999999999998,0.43999999999999995,0.79,0.95
sv_trump,100,2,0.9601000000000001,0.9318000000000001,0.9042,0.4814,0.9230769230769231,0.25,0.41000000000000003,0.71,0.91
sv_trump,100,3,0.9548000000000002,0.8427000000000001,0.8019,0.3631,0.88,0.22999999999999998,0.48,0.8,0.95
sv_trump,100,4,0.9452000000000002,0.8776,0.8271999999999999,0.37349999999999994,0.9230769230769231,0.29000000000000004,0.53,0.77,0.9299999999999999
sv_trump,100,5,0.9460000000000001,0.7139000000000001,0.6901,0.27269999999999994,0.9047619047619048,0.19999999999999996,0.39,0.72,0.95
sv_trump,100,6,0.9258000000000001,0.8616,0.7997,0.5823,0.88,0.21999999999999997,0.41000000000000003,0.74,0.9299999999999999
sv_trump,100,7,0.9739000000000001,0.7756000000000001,0.7494999999999999,0.3349,0.9166666666666666,0.25,0.43000000000000005,0.8200000000000001,0.94
sv_trump,100,8,0.9811,0.8776,0.8631,0.4815,0.9230769230769231,0.30000000000000004,0.47,0.77,0.97
sv_trump,100,9,0.9585,0.8383,0.7968000000000001,0.47639999999999993,0.88,0.25,0.35,0.6599999999999999,0.92
sv_trump,100,10,0.9572000000000002,0.9136000000000001,0.8853000000000001,0.43229999999999996,0.92,0.18999999999999995,0.35,0.79,0.9299999999999999
sv_trump,100,11,0.8889,0.6815999999999999,0.5828,0.48999999999999994,0.8095238095238095,0.26,0.44999999999999996,0.77,0.96
sv_trump,100,12,0.9978000000000001,0.4708,0.4686,0.337,0.9375,0.26,0.43000000000000005,0.73,0.98
sv_trump,100,13,0.9876999999999999,0.8808999999999999,0.8685999999999999,0.5037,0.9629629629629629,0.31999999999999995,0.47,0.77,0.97
sv_trump,100,14,0.9518000000000001,0.5486,0.5193,0.3822,0.9375,0.27,0.48,0.75,0.99
sv_trump,100,15,0.9075,0.8697,0.7895000000000001,0.49249999999999994,0.96,0.31999999999999995,0.5,0.73,0.95
sv_trump,100,16,0.9978000000000001,0.7214999999999999,0.7192999999999999,0.37799999999999995,0.9523809523809523,0.22999999999999998,0.32999999999999996,0.72,0.94
sv_trump,100,17,0.9204,0.9136000000000001,0.8485000000000001,0.5198,0.88,0.25,0.38,0.6799999999999999,0.9299999999999999
sv_trump,100,18,0.8859000000000001,0.8674000000000001,0.7576999999999999,0.41960000000000003,0.8076923076923077,0.28,0.45999999999999996,0.74,0.9299999999999999
sv_trump,100,19,0.9567,0.7589,0.7278999999999999,0.3549,0.9090909090909091,0.18000000000000005,0.4,0.73,0.95
sv_trump,100,20,0.9978000000000001,0.8887000000000002,0.8887000000000002,0.5085000000000001,1.0,0.18999999999999995,0.47,0.73,0.96
sv_trump,100,21,0.959,0.7694,0.7552,0.4816,0.95,0.35,0.51,0.69,0.94
sv_trump,100,22,0.9833,0.8527000000000001,0.8360000000000001,0.3825,0.9230769230769231,0.24,0.39,0.76,0.9299999999999999
sv_trump,100,23,0.9595000000000001,0.8157,0.8157,0.48779999999999996,1.0,0.18999999999999995,0.39,0.71,0.94
sv_trump,100,24,0.9756999999999999,0.7307999999999999,0.7285999999999999,0.43489999999999995,0.95,0.29000000000000004,0.49,0.77,0.95
sv_trump,100,25,0.9522,0.9378999999999998,0.8901,0.4124,0.896551724137931,0.28,0.47,0.74,0.9299999999999999
sv_trump,100,26,0.9934,0.5777000000000001,0.5777000000000001,0.39209999999999995,1.0,0.22999999999999998,0.47,0.77,0.97
sv_trump,100,27,0.9545,0.7729,0.7565000000000001,0.32649999999999996,0.9090909090909091,0.27,0.45999999999999996,0.75,0.96
sv_trump,100,28,0.9446,0.9031999999999999,0.8478,0.5205,0.8928571428571429,0.21999999999999997,0.41000000000000003,0.71,0.98
sv_trump,100,29,0.9582,0.9037000000000001,0.8698,0.5285000000000001,0.9230769230769231,0.16000000000000003,0.41000000000000003,0.72,0.89
sv_trump,200,0,0.9854999999999999,0.9999999999999999,0.9854999999999999,0.5847000000000001,0.9,0.31499999999999995,0.5349999999999999,0.825,0.97
sv_trump,200,1,0.9934,0.9652999999999999,0.9587,0.43939999999999996,0.9310344827586207,0.29500000000000004,0.51,0.795,0.96
sv_trump,200,2,0.9813999999999999,0.8765,0.8623,0.6587,0.9615384615384616,0.22999999999999998,0.365,0.7150000000000001,0.965
sv_trump,200,3,0.9955999999999999,0.9031999999999999,0.8987999999999999,0.4709,0.9642857142857143,0.31499999999999995,0.5,0.8049999999999999,0.965
sv_trump,200,4,0.9876999999999999,0.9573999999999999,0.953,0.5842,0.9642857142857143,0.32999999999999996,0.5449999999999999,0.75,0.9299999999999999
sv_trump,200,5,0.9978000000000001,0.9999999999999999,0.9978000000000001,0.6620000000000001,0.9666666666666667,0.30500000000000005,0.45999999999999996,0.765,0.955
sv_trump,200,6,0.9978000000000001,0.7839999999999999,0.7817999999999999,0.5021,0.9545454545454546,0.31499999999999995,0.585,0.775,0.965
sv_trump,200,7,0.9955999999999999,0.9609,0.9609,0.6123999999999999,1.0,0.31999999999999995,0.485,0.71,0.96
sv_trump,200,8,0.9978000000000001,0.9031999999999999,0.9010000000000001,0.545,0.9642857142857143,0.29500000000000004,0.505,0.785,0.97
sv_trump,200,9,0.9712999999999999,0.8522000000000002,0.8257,0.3566,0.9230769230769231,0.245,0.45999999999999996,0.76,0.945
sv_trump,200,10,0.9955999999999999,0.8865,0.8865,0.5784,1.0,0.33999999999999997,0.5449999999999999,0.795,0.965
sv_trump,200,11,0.9854999999999999,0.9652999999999999,0.9508,0.6486000000000001,0.896551724137931,0.27,0.485,0.765,0.96
sv_trump,200,12,0.9934,0.8548000000000001,0.8482000000000001,0.5905,0.9259259259259259,0.385,0.515,0.785,0.955
sv_trump,200,13,0.9855000000000002,0.8573000000000001,0.8573000000000001,0.538,1.0,0.27,0.48,0.735,0.9299999999999999
sv_trump,200,14,0.9978000000000001,0.8408000000000001,0.8386000000000001,0.6675999999999999,0.9615384615384616,0.29500000000000004,0.46499999999999997,0.76,0.96
sv_trump,200,15,0.9978000000000001,0.9999999999999999,0.9978000000000001,0.7128000000000001,0.9666666666666667,0.20999999999999996,0.44999999999999996,0.785,0.965
sv_trump,200,16,0.9934,0.8718,0.8652000000000001,0.45319999999999994,0.9259259259259259,0.31499999999999995,0.515,0.765,0.955
sv_trump,200,17,0.9654999999999999,0.9999999999999999,0.9654999999999999,0.678,0.9,0.30000000000000004,0.525,0.77,0.96
sv_trump,200,18,0.9876999999999999,0.8987999999999999,0.8909000000000001,0.6100000000000001,0.9629629629629629,0.31499999999999995,0.51,0.815,0.96
sv_trump,200,19,0.9978000000000001,0.9378999999999998,0.9357000000000001,0.5716,0.9655172413793104,0.24,0.45499999999999996,0.76,0.955
sv_trump,200,20,0.9639000000000001,0.9031999999999999,0.8671,0.6038000000000001,0.8571428571428571,0.32499999999999996,0.55,0.81,0.98
sv_trump,200,21,0.9955999999999999,0.9378999999999998,0.9334999999999999,0.4883,0.9655172413793104,0.31000000000000005,0.53,0.77,0.955
sv_trump,200,22,0.9934,0.9031999999999999,0.8966000000000002,0.6576,0.9285714285714286,0.28,0.41500000000000004,0.7150000000000001,0.955
sv_trump,200,23,0.9978000000000001,0.9652999999999999,0.9631,0.4872,0.9655172413793104,0.25,0.45499999999999996,0.785,0.975
sv_trump,200,24,0.9855000000000002,0.6618,0.6618,0.4193,1.0,0.31000000000000005,0.515,0.755,0.955
sv_trump,200,25,0.9898999999999999,0.7737,0.7636,0.5387,0.9166666666666666,0.32499999999999996,0.505,0.77,0.97
sv_trump,200,26,0.9978000000000001,0.9031999999999999,0.9010000000000001,0.5964999999999999,0.9642857142857143,0.30500000000000005,0.54,0.74,0.94
sv_trump,200,27,0.9999999999999999,0.9031999999999999,0.9031999999999999,0.4244,1.0,0.30000000000000004,0.62,0.845,0.97
sv_trump,200,28,0.9833,0.8364000000000001,0.8241,0.4613,0.96,0.22999999999999998,0.44499999999999995,0.8,0.945
sv_trump,200,29,0.957,0.9776999999999999,0.9347,0.5697,0.896551724137931,0.31499999999999995,0.575,0.825,0.97
sv_trump,25,0,0.6355,0.3658,0.1484,0.0,0.25,0.16000000000000003,0.24,0.8,0.96
sv_trump,25,1,0.6572,0.2531,0.18969999999999998,0.0239,0.5555555555555556,0.0,0.16000000000000003,0.6799999999999999,0.92
sv_trump,25,2,0.6869000000000001,0.403,0.37620000000000003,0.2333,0.9,0.12,0.24,0.64,0.96
sv_trump,25,3,0.5167999999999999,0.21150000000000002,0.0908,0.056900000000000006,0.5,0.43999999999999995,0.43999999999999995,0.72,0.96
sv_trump,25,4,0.6817,0.535,0.4384,0.258,0.7857142857142857,0.31999999999999995,0.31999999999999995,0.6,0.6799999999999999
sv_trump,25,5,0.5833999999999999,0.42769999999999997,0.3735,0.2094,0.8181818181818182,0.0,0.4,0.72,1.0
sv_trump,25,6,0.6641,0.5046999999999999,0.34099999999999997,0.1969,0.5714285714285714,0.07999999999999996,0.24,0.6799999999999999,0.92
sv_trump,25,7,0.6377999999999999,0.7115,0.5096,0.3466,0.55,0.12,0.28,0.64,0.92
sv_trump,25,8,0.7477,0.37210000000000004,0.3642,0.3261,0.9090909090909091,0.07999999999999996,0.28,0.6,0.84
sv_trump,25,9,0.6874,0.4467,0.3824,0.2047,0.8181818181818182,0.0,0.0,0.48,0.92
sv_trump,25,10,0.6466999999999999,0.5102,0.508,0.2684,0.9230769230769231,0.07999999999999996,0.36,0.64,0.96
sv_trump,25,11,0.6884,0.6975000000000001,0.5146999999999999,0.23519999999999996,0.7222222222222222,0.07999999999999996,0.24,0.4,0.96
sv_trump,25,12,0.6416,0.5238,0.383,0.17010000000000003,0.6666666666666666,0.16000000000000003,0.24,0.64,0.88
sv_trump,25,13,0.5887,0.3219,0.20290000000000002,0.20290000000000002,0.5555555555555556,0.16000000000000003,0.36,0.6799999999999999,0.96
sv_trump,25,14,0.6874,0.5781000000000001,0.3966,0.0932,0.5882352941176471,0.19999999999999996,0.28,0.64,0.96
sv_trump,25,15,0.6341,0.5468,0.4211,0.3409,0.7333333333333333,0.28,0.31999999999999995,0.56,0.84
sv_trump,25,16,0.6887000000000001,0.4669,0.4289,0.395,0.7692307692307693,0.19999999999999996,0.24,0.56,0.88
sv_trump,25,17,0.6692,0.6382,0.4346,0.20629999999999998,0.625,0.16000000000000003,0.28,0.6799999999999999,0.92
sv_trump,25,18,0.6523000000000001,0.47,0.3779,0.17359999999999998,0.6923076923076923,0.31999999999999995,0.43999999999999995,0.72,0.88
sv_trump,25,19,0.5557,0.4057,0.34099999999999997,0.11710000000000001,0.7,0.12,0.16000000000000003,0.64,1.0
sv_trump,25,20,0.7111000000000001,0.5775,0.4655,0.3165,0.7857142857142857,0.0,0.12,0.64,0.84
sv_trump,25,21,0.6171,0.5670999999999999,0.4844,0.3073,0.8571428571428571,0.12,0.28,0.56,0.84
sv_trump,25,22,0.6905,0.5647,0.43849999999999995,0.2905,0.7333333333333333,0.07999999999999996,0.16000000000000003,0.4,0.8
sv_trump,25,23,0.587,0.716,0.4385,0.3887,0.5789473684210527,0.31999999999999995,0.48,0.6799999999999999,0.96
sv_trump,25,24,0.5422000000000001,0.5672999999999999,0.3947,0.1973,0.6428571428571429,0.07999999999999996,0.28,0.64,1.0
sv_trump,25,25,0.6943,0.3005,0.23120000000000002,0.23120000000000002,0.625,0.0,0.0,0.6,0.88
sv_trump,25,26,0.6335,0.3934,0.3372,0.3118,0.8,0.31999999999999995,0.48,0.64,0.96
sv_trump,25,27,0.6557,0.3349,0.2752,0.0239,0.7777777777777778,0.0,0.19999999999999996,0.6,0.92
sv_trump,25,28,0.6850000000000002,0.6532,0.5375,0.3708,0.7647058823529411,0.0,0.19999999999999996,0.72,0.96
sv_trump,25,29,0.5709,0.41759999999999997,0.3009,0.2233,0.7,0.07999999999999996,0.16000000000000003,0.52,0.88
sv_trump,400,0,0.9999999999999999,0.9999999999999999,0.9999999999999999,0.6048999999999999,1.0,0.4075,0.645,0.865,0.975
sv_trump,400,1,0.9999999999999999,0.9652999999999999,0.9652999999999999,0.5736000000000001,1.0,0.37,0.5775,0.8325,0.9775
sv_trump,400,2,0.9978000000000001,0.9378999999999998,0.9357000000000001,0.6658999999999999,0.9655172413793104,0.31999999999999995,0.565,0.8075,0.9875
sv_trump,400,3,0.9955999999999999,0.9999999999999999,0.9955999999999999,0.5869,0.9666666666666667,0.405,0.5825,0.845,0.97
sv_trump,400,4,0.9934,0.882,0.8754000000000001,0.5834999999999999,0.9259259259259259,0.3325,0.5275000000000001,0.785,0.97
sv_trump,400,5,0.9999999999999999,0.9652999999999999,0.9652999999999999,0.5232,1.0,0.365,0.5974999999999999,0.8425,0.9675
sv_trump,400,6,0.9978000000000001,0.9652999999999999,0.9631,0.6496999999999999,0.9655172413793104,0.365,0.565,0.8175,0.965
sv_trump,400,7,0.9999999999999999,0.9999999999999999,0.9999999999999999,0.6357,1.0,0.3225,0.5775,0.8125,0.9575
sv_trump,400,8,0.9934,0.9999999999999999,0.9934,0.6704,0.9333333333333333,0.38749999999999996,0.62,0.84,0.9825
sv_trump,400,9,0.9934,0.9609,0.9587,0.6316999999999999,0.9642857142857143,0.355,0.5825,0.83,0.965
sv_trump,400,10,0.9999999999999999,0.9999999999999999,0.9999999999999999,0.4904,1.0,0.38,0.5675,0.8375,0.975
sv_trump,400,11,0.9920999999999999,0.9573999999999999,0.9573999999999999,0.43929999999999997,1.0,0.35750000000000004,0.5925,0.83,0.975
sv_trump,400,12,0.9934,0.9652999999999999,0.9587,0.7081999999999999,0.9310344827586207,0.38249999999999995,0.6275,0.8325,0.98
sv_trump,400,13,0.9999999999999999,0.9378999999999998,0.9378999999999998,0.6436000000000001,1.0,0.37749999999999995,0.585,0.8175,0.9775
sv_trump,400,14,0.9978000000000001,0.9999999999999999,0.9978000000000001,0.7152,0.9666666666666667,0.4325,0.62,0.8125,0.9725
sv_trump,400,15,0.9999999999999999,0.9999999999999999,0.9999999999999999,0.6497,1.0,0.365,0.5575,0.825,0.965
sv_trump,400,16,0.9999999999999999,0.9652999999999999,0.9652999999999999,0.4507,1.0,0.39,0.625,0.8475,0.98
sv_trump,400,17,0.9978000000000001,0.9031999999999999,0.9010000000000001,0.6089,0.9642857142857143,0.4125,0.5974999999999999,0.84,0.965
sv_trump,400,18,0.9955999999999999,0.9955999999999999,0.9955999999999999,0.6367999999999999,1.0,0.3325,0.5349999999999999,0.8200000000000001,0.985
sv_trump,400,19,0.9999999999999999,0.9031999999999999,0.9031999999999999,0.4332,1.0,0.2825,0.5125,0.79,0.965
sv_trump,400,20,0.9999999999999999,0.9031999999999999,0.9031999999999999,0.44489999999999996,1.0,0.37,0.5800000000000001,0.7775,0.965
sv_trump,400,21,0.9999999999999999,0.9999999999999999,0.9999999999999999,0.7598,1.0,0.39249999999999996,0.6,0.8175,0.98
sv_trump,400,22,0.9934,0.9999999999999999,0.9934,0.5604999999999999,0.9333333333333333,0.44999999999999996,0.63,0.84,0.9625
sv_trump,400,23,0.9978000000000001,0.9999999999999999,0.9978000000000001,0.6907,0.9666666666666667,0.38749999999999996,0.605,0.8425,0.9675
sv_trump,400,24,0.9934,0.9652999999999999,0.9587,0.5915,0.9310344827586207,0.37250000000000005,0.595,0.8225,0.9725
sv_trump,400,25,0.9955999999999999,0.9955999999999999,0.9955999999999999,0.5626,1.0,0.36750000000000005,0.5800000000000001,0.86,0.985
sv_trump,400,26,0.9978000000000001,0.9999999999999999,0.9978000000000001,0.5457,0.9666666666666667,0.35,0.55,0.8175,0.99
sv_trump,400,27,0.9999999999999999,0.9652999999999999,0.9652999999999999,0.45609999999999995,1.0,0.4125,0.6325000000000001,0.85,0.99
sv_trump,400,28,0.9978000000000001,0.9999999999999999,0.9978000000000001,0.7780999999999999,0.9666666666666667,0.4575,0.6525000000000001,0.86,0.96
sv_trump,400,29,0.9978000000000001,0.9652999999999999,0.9631,0.6541999999999999,0.9655172413793104,0.38749999999999996,0.5875,0.8325,0.975
sv_trump,50,0,0.9009,0.5062,0.43589999999999995,0.3437,0.7333333333333333,0.18000000000000005,0.42000000000000004,0.74,0.92
sv_trump,50,1,0.8592000000000001,0.6116000000000001,0.5681,0.4384,0.8823529411764706,0.30000000000000004,0.4,0.7,0.96
sv_trump,50,2,0.8628000000000001,0.5181,0.4488,0.3402,0.8125,0.26,0.36,0.6599999999999999,0.9
sv_trump,50,3,0.8401,0.3319,0.2568,0.0239,0.7,0.14,0.19999999999999996,0.52,0.9
sv_trump,50,4,0.905,0.8281000000000002,0.7665999999999998,0.40109999999999996,0.8695652173913043,0.19999999999999996,0.26,0.7,0.9
sv_trump,50,5,0.787,0.7229999999999999,0.5966,0.5131,0.7368421052631579,0.24,0.42000000000000004,0.7,0.96
sv_trump,50,6,0.8774000000000001,0.6977,0.63,0.0347,0.8,0.14,0.30000000000000004,0.6599999999999999,0.94
sv_trump,50,7,0.8829,0.7343999999999999,0.7046000000000001,0.38249999999999995,0.9,0.21999999999999997,0.31999999999999995,0.6,0.92
sv_trump,50,8,0.7757999999999999,0.5336,0.5043,0.37179999999999996,0.9333333333333333,0.30000000000000004,0.5800000000000001,0.84,1.0
sv_trump,50,9,0.8794,0.7718,0.7243999999999999,0.3512,0.8695652173913043,0.21999999999999997,0.43999999999999995,0.6599999999999999,0.92
sv_trump,50,10,0.8528000000000001,0.5846999999999999,0.5098,0.2081,0.8,0.14,0.36,0.78,0.96
sv_trump,50,11,0.8885000000000001,0.6672000000000001,0.5780000000000001,0.38369999999999993,0.7619047619047619,0.14,0.19999999999999996,0.6,0.94
sv_trump,50,12,0.8583999999999999,0.5118,0.4683,0.2718,0.8571428571428571,0.18000000000000005,0.21999999999999997,0.54,0.8200000000000001
sv_trump,50,13,0.8382999999999998,0.35400000000000004,0.35400000000000004,0.21080000000000002,1.0,0.19999999999999996,0.28,0.6799999999999999,0.88
sv_trump,50,14,0.7935,0.7338,0.571,0.47869999999999996,0.75,0.26,0.33999999999999997,0.6,0.86
sv_trump,50,15,0.7964999999999999,0.6820999999999999,0.5879,0.3151,0.7894736842105263,0.09999999999999998,0.16000000000000003,0.64,0.94
sv_trump,50,16,0.8614999999999998,0.4395,0.42529999999999996,0.2977,0.9,0.30000000000000004,0.43999999999999995,0.6,0.92
sv_trump,50,17,0.8741000000000001,0.6772,0.6164999999999999,0.2723,0.9,0.16000000000000003,0.42000000000000004,0.76,0.96
sv_trump,50,18,0.7492,0.7296,0.5987,0.3363,0.7,0.36,0.45999999999999996,0.72,0.9
sv_trump,50,19,0.7961000000000001,0.8787000000000001,0.7340000000000001,0.3312,0.8,0.28,0.38,0.72,0.96
sv_trump,50,20,0.7847999999999999,0.7881,0.6231,0.2398,0.7391304347826086,0.07999999999999996,0.24,0.6599999999999999,0.9
sv_trump,50,21,0.8678999999999998,0.7657999999999998,0.6672,0.12460000000000002,0.75,0.16000000000000003,0.33999999999999997,0.64,0.94
sv_trump,50,22,0.7965999999999999,0.7259000000000001,0.6428,0.38409999999999994,0.8,0.18000000000000005,0.30000000000000004,0.6,0.94
sv_trump,50,23,0.7915,0.6327,0.5988,0.3824,0.9375,0.14,0.45999999999999996,0.74,0.9
sv_trump,50,24,0.9106,0.5885999999999999,0.5383,0.3889,0.8235294117647058,0.18000000000000005,0.33999999999999997,0.5800000000000001,0.94
sv_trump,50,25,0.7874,0.5050999999999999,0.40140000000000003,0.26499999999999996,0.7857142857142857,0.19999999999999996,0.5,0.78,0.96
sv_trump,50,26,0.8143999999999999,0.6418999999999999,0.5917999999999999,0.3823,0.875,0.16000000000000003,0.4,0.74,0.96
sv_trump,50,27,0.8587000000000001,0.3716,0.3465,0.1447,0.9,0.18000000000000005,0.26,0.62,0.9
sv_trump,50,28,0.8454,0.7944000000000001,0.7047,0.2829,0.7727272727272727,0.07999999999999996,0.33999999999999997,0.76,0.94
sv_trump,50,29,0.7775000000000002,0.5435,0.5184,0.1036,0.9285714285714286,0.21999999999999997,0.38,0.64,0.96
sv_tifu,100,0,0.9707,0.9999999999999999,0.9707,0.4781,0.9666666666666667,0.08999999999999997,0.0,0.10999999999999999,0.69
sv_tifu,100,1,0.9999999999999999,0.9657999999999999,0.9657999999999999,0.6448999999999999,1.0,0.050000000000000044,0.0,0.050000000000000044,0.6599999999999999
sv_tifu,100,2,0.9139999999999999,0.8464999999999999,0.7605000000000002,0.5466,0.8846153846153846,0.050000000000000044,0.0,0.050000000000000044,0.64
sv_tifu,100,3,0.9707,0.7518000000000002,0.7518000000000002,0.3439,1.0,0.15000000000000002,0.06000000000000005,0.15000000000000002,0.77
sv_tifu,100,4,0.9168999999999999,0.9558999999999999,0.8728,0.0775,0.896551724137931,0.08999999999999997,0.0,0.08999999999999997,0.7
sv_tifu,100,5,0.9692,0.981,0.9502,0.5111,0.9655172413793104,0.020000000000000018,0.0,0.020000000000000018,0.5
sv_tifu,100,6,0.9399,0.9226999999999999,0.8957999999999999,0.5246999999999999,0.9642857142857143,0.13,0.050000000000000044,0.13,0.65
sv_tifu,100,7,0.9807,0.9999999999999999,0.9807,0.6951999999999999,0.9666666666666667,0.06999999999999995,0.0,0.06999999999999995,0.5700000000000001
sv_tifu,100,8,0.9394999999999999,0.9558999999999999,0.8954,0.0,0.9310344827586207,0.14,0.020000000000000018,0.14,0.6799999999999999
sv_tifu,100,9,0.9619999999999999,0.9616999999999999,0.943,0.43699999999999994,0.9642857142857143,0.040000000000000036,0.020000000000000018,0.06000000000000005,0.69
sv_tifu,100,10,0.9611,0.9558999999999999,0.9169999999999999,0.45289999999999997,0.9655172413793104,0.09999999999999998,0.0,0.09999999999999998,0.6799999999999999
sv_tifu,100,11,0.9540999999999998,0.9012999999999999,0.8744,0.49039999999999995,0.9629629629629629,0.10999999999999999,0.0,0.10999999999999999,0.73
sv_tifu,100,12,0.9308,0.7551,0.6859000000000001,0.4738,0.9130434782608695,0.10999999999999999,0.0,0.10999999999999999,0.64
sv_tifu,100,13,0.9208,0.9208999999999999,0.8709999999999999,0.5495,0.9259259259259259,0.07999999999999996,0.020000000000000018,0.07999999999999996,0.6699999999999999
sv_tifu,100,14,0.9999999999999999,0.9999999999999999,0.9999999999999999,0.6061,1.0,0.07999999999999996,0.020000000000000018,0.07999999999999996,0.69
sv_tifu,100,15,0.9310999999999999,0.9999999999999999,0.9310999999999999,0.5933999999999999,0.9,0.08999999999999997,0.0,0.08999999999999997,0.6599999999999999
sv_tifu,100,16,0.9519999999999998,0.9999999999999999,0.9519999999999998,0.5822,0.9333333333333333,0.07999999999999996,0.0,0.07999999999999996,0.6599999999999999
sv_tifu,100,17,0.9496,0.9999999999999999,0.9496,0.6011,0.9333333333333333,0.06000000000000005,0.0,0.07999999999999996,0.61
sv_tifu,100,18,0.9999999999999999,0.9076,0.9076,0.5870000000000001,1.0,0.09999999999999998,0.040000000000000036,0.09999999999999998,0.62
sv_tifu,100,19,0.9189999999999999,0.9807,0.9189999999999999,0.5189,0.9310344827586207,0.13,0.040000000000000036,0.13,0.6699999999999999
sv_tifu,100,20,0.8685,0.9999999999999999,0.8685,0.5572999999999999,0.8666666666666667,0.14,0.020000000000000018,0.16000000000000003,0.61
sv_tifu,100,21,0.9228999999999999,0.9999999999999999,0.9228999999999999,0.43889999999999996,0.9333333333333333,0.12,0.020000000000000018,0.12,0.64
sv_tifu,100,22,0.9999999999999999,0.8376999999999999,0.8376999999999999,0.5734,1.0,0.12,0.0,0.14,0.63
sv_tifu,100,23,0.9999999999999999,0.9999999999999999,0.9999999999999999,0.4942,1.0,0.040000000000000036,0.0,0.040000000000000036,0.64
sv_tifu,100,24,0.9153999999999999,0.9545,0.8698999999999999,0.5065,0.896551724137931,0.13,0.040000000000000036,0.13,0.62
sv_tifu,100,25,0.9328,0.8544999999999999,0.8544999999999999,0.6304000000000001,1.0,0.10999999999999999,0.0,0.10999999999999999,0.63
sv_tifu,100,26,0.9692,0.9707,0.9398999999999998,0.5665,0.9655172413793104,0.12,0.0,0.12,0.5900000000000001
sv_tifu,100,27,0.9470999999999999,0.9807,0.9278,0.5013,0.9310344827586207,0.16000000000000003,0.020000000000000018,0.16000000000000003,0.64
sv_tifu,100,28,0.9488,0.9999999999999999,0.9488,0.6144000000000001,0.9333333333333333,0.07999999999999996,0.0,0.08999999999999997,0.63
sv_tifu,100,29,0.9657999999999999,0.9558999999999999,0.9216999999999999,0.019,0.9655172413793104,0.09999999999999998,0.0,0.09999999999999998,0.65
sv_tifu,200,0,0.9999999999999999,0.9999999999999999,0.9999999999999999,0.445,1.0,0.135,0.0,0.14500000000000002,0.77
sv_tifu,200,1,0.981,0.981,0.981,0.6162000000000001,1.0,0.275,0.030000000000000027,0.28500000000000003,0.86
sv_tifu,200,2,0.9685,0.9999999999999999,0.9685,0.6437,0.9666666666666667,0.15500000000000003,0.030000000000000027,0.16500000000000004,0.73
sv_tifu,200,3,0.9999999999999999,0.9999999999999999,0.9999999999999999,0.5345,1.0,0.18500000000000005,0.030000000000000027,0.18500000000000005,0.745
sv_tifu,200,4,0.9999999999999999,0.9999999999999999,0.9999999999999999,0.5721999999999999,1.0,0.17000000000000004,0.05500000000000005,0.17000000000000004,0.8
sv_tifu,200,5,0.9999999999999999,0.9999999999999999,0.9999999999999999,0.6615,1.0,0.18999999999999995,0.010000000000000009,0.19999999999999996,0.79
sv_tifu,200,6,0.9999999999999999,0.9999999999999999,0.9999999999999999,0.6988,1.0,0.11499999999999999,0.010000000000000009,0.13,0.86
sv_tifu,200,7,0.9691,0.9999999999999999,0.9691,0.6697,0.9666666666666667,0.245,0.020000000000000018,0.25,0.83
sv_tifu,200,8,0.9999999999999999,0.9999999999999999,0.9999999999999999,0.7106,1.0,0.22999999999999998,0.030000000000000027,0.22999999999999998,0.745
sv_tifu,200,9,0.9703,0.9999999999999999,0.9703,0.5982999999999999,0.9666666666666667,0.17000000000000004,0.03500000000000003,0.17000000000000004,0.755
sv_tifu,200,10,0.981,0.9999999999999999,0.981,0.6585000000000001,0.9666666666666667,0.18999999999999995,0.020000000000000018,0.18999999999999995,0.785
sv_tifu,200,11,0.9999999999999999,0.9999999999999999,0.9999999999999999,0.6482000000000001,1.0,0.16000000000000003,0.020000000000000018,0.16000000000000003,0.77
sv_tifu,200,12,0.9999999999999999,0.9707,0.9707,0.5677,1.0,0.15500000000000003,0.020000000000000018,0.16500000000000004,0.75
sv_tifu,200,13,0.9999999999999999,0.9999999999999999,0.9999999999999999,0.41359999999999997,1.0,0.13,0.020000000000000018,0.135,0.755
sv_tifu,200,14,0.9999999999999999,0.9999999999999999,0.9999999999999999,0.5758,1.0,0.22499999999999998,0.010000000000000009,0.22499999999999998,0.8
sv_tifu,200,15,0.9999999999999999,0.9999999999999999,0.9999999999999999,0.737,1.0,0.28500000000000003,0.05500000000000005,0.29500000000000004,0.71
sv_tifu,200,16,0.9999999999999999,0.9999999999999999,0.9999999999999999,0.6699,1.0,0.19999999999999996,0.025000000000000022,0.19999999999999996,0.795
sv_tifu,200,17,0.9999999999999999,0.9545,0.9545,0.6375000000000001,1.0,0.245,0.03500000000000003,0.255,0.78
sv_tifu,200,18,0.9999999999999999,0.9999999999999999,0.9999999999999999,0.5714,1.0,0.18000000000000005,0.020000000000000018,0.19499999999999995,0.79
sv_tifu,200,19,0.9999999999999999,0.9999999999999999,0.9999999999999999,0.626,1.0,0.20499999999999996,0.015000000000000013,0.20499999999999996,0.7150000000000001
sv_tifu,200,20,0.9999999999999999,0.9999999999999999,0.9999999999999999,0.5929000000000001,1.0,0.18999999999999995,0.04500000000000004,0.21999999999999997,0.73
sv_tifu,200,21,0.9999999999999999,0.9999999999999999,0.9999999999999999,0.5212,1.0,0.21999999999999997,0.020000000000000018,0.21999999999999997,0.81
sv_tifu,200,22,0.9999999999999999,0.9999999999999999,0.9999999999999999,0.5836,1.0,0.18500000000000005,0.010000000000000009,0.19999999999999996,0.765
sv_tifu,200,23,0.9807,0.9999999999999999,0.9807,0.7637000000000002,0.9666666666666667,0.255,0.05500000000000005,0.26,0.76
sv_tifu,200,24,0.9999999999999999,0.9999999999999999,0.9999999999999999,0.5301,1.0,0.125,0.010000000000000009,0.135,0.83
sv_tifu,200,25,0.9999999999999999,0.9999999999999999,0.9999999999999999,0.6079999999999999,1.0,0.20999999999999996,0.03500000000000003,0.20999999999999996,0.755
sv_tifu,200,26,0.9999999999999999,0.9999999999999999,0.9999999999999999,0.6138999999999999,1.0,0.21499999999999997,0.05500000000000005,0.235,0.815
sv_tifu,200,27,0.9999999999999999,0.9999999999999999,0.9999999999999999,0.6451,1.0,0.20499999999999996,0.020000000000000018,0.21499999999999997,0.76
sv_tifu,200,28,0.9999999999999999,0.9545,0.9545,0.5931000000000001,1.0,0.19999999999999996,0.020000000000000018,0.19999999999999996,0.83
sv_tifu,200,29,0.9999999999999999,0.9999999999999999,0.9999999999999999,0.5119,1.0,0.16000000000000003,0.010000000000000009,0.16000000000000003,0.775
sv_tifu,25,0,0.6357,0.839,0.5838,0.2731,0.6666666666666666,0.07999999999999996,0.0,0.07999999999999996,0.48
sv_tifu,25,1,0.6053,0.4774,0.3498,0.19080000000000003,0.7142857142857143,0.07999999999999996,0.0,0.07999999999999996,0.56
sv_tifu,25,2,0.5486,0.597,0.4282999999999999,0.26799999999999996,0.7058823529411765,0.0,0.0,0.0,0.4
sv_tifu,25,3,0.5468,0.3992,0.2912,0.2273,0.7272727272727273,0.07999999999999996,0.0,0.07999999999999996,0.52
sv_tifu,25,4,0.5958,0.3878,0.3878,0.35459999999999997,1.0,0.12,0.07999999999999996,0.12,0.43999999999999995
sv_tifu,25,5,0.5835,0.6267,0.4976,0.35209999999999997,0.7894736842105263,0.07999999999999996,0.0,0.07999999999999996,0.43999999999999995
sv_tifu,25,6,0.6008,0.6646,0.4407999999999999,0.18810000000000002,0.631578947368421,0.0,0.0,0.0,0.07999999999999996
sv_tifu,25,7,0.657,0.6479,0.4481,0.4026,0.6666666666666666,0.12,0.0,0.12,0.4
sv_tifu,25,8,0.5745,0.5650999999999999,0.4678,0.31070000000000003,0.8235294117647058,0.0,0.0,0.0,0.48
sv_tifu,25,9,0.482,0.5992,0.3903,0.26439999999999997,0.6470588235294118,0.0,0.0,0.0,0.31999999999999995
sv_tifu,25,10,0.6077,0.5549000000000001,0.45859999999999995,0.29560000000000003,0.8125,0.0,0.0,0.0,0.28
sv_tifu,25,11,0.5784,0.5605,0.42539999999999994,0.22199999999999998,0.75,0.0,0.0,0.0,0.43999999999999995
sv_tifu,25,12,0.6498,0.497,0.4532,0.32859999999999995,0.9333333333333333,0.0,0.0,0.0,0.31999999999999995
sv_tifu,25,13,0.5277999999999999,0.3933,0.3746,0.3291,0.9166666666666666,0.0,0.0,0.0,0.19999999999999996
sv_tifu,25,14,0.608,0.6409,0.4392,0.3773,0.6842105263157895,0.07999999999999996,0.0,0.07999999999999996,0.64
sv_tifu,25,15,0.6302,0.5233,0.4089,0.3367,0.7333333333333333,0.0,0.0,0.0,0.16000000000000003
sv_tifu,25,16,0.5811,0.6335999999999999,0.38649999999999995,0.3355,0.631578947368421,0.0,0.0,0.0,0.36
sv_tifu,25,17,0.59,0.5416000000000001,0.3971,0.2882,0.6875,0.0,0.0,0.0,0.36
sv_tifu,25,18,0.6292999999999999,0.6254,0.43210000000000004,0.3154,0.6666666666666666,0.0,0.0,0.0,0.64
sv_tifu,25,19,0.6043,0.6397000000000002,0.40739999999999993,0.0297,0.5789473684210527,0.0,0.0,0.0,0.36
sv_tifu,25,20,0.5464,0.4367,0.3397,0.2279,0.75,0.0,0.0,0.0,0.24
sv_tifu,25,21,0.5835,0.7019000000000001,0.43759999999999993,0.1599,0.6190476190476191,0.0,0.0,0.0,0.07999999999999996
sv_tifu,25,22,0.5958,0.4874,0.3209,0.22740000000000002,0.6666666666666666,0.0,0.0,0.0,0.19999999999999996
sv_tifu,25,23,0.5082999999999999,0.6207,0.45709999999999995,0.2827,0.7222222222222222,0.0,0.0,0.0,0.52
sv_tifu,25,24,0.4722,0.48610000000000003,0.2422,0.2102,0.5,0.16000000000000003,0.0,0.16000000000000003,0.52
sv_tifu,25,25,0.5789,0.608,0.43420000000000003,0.3199,0.6666666666666666,0.0,0.0,0.0,0.48
sv_tifu,25,26,0.5336000000000001,0.6413,0.39449999999999996,0.2343,0.631578947368421,0.0,0.0,0.0,0.43999999999999995
sv_tifu,25,27,0.6021,0.6530999999999999,0.46199999999999997,0.18029999999999996,0.6842105263157895,0.0,0.0,0.0,0.48
sv_tifu,25,28,0.6348999999999999,0.5549000000000001,0.4275,0.31749999999999995,0.75,0.0,0.0,0.0,0.31999999999999995
sv_tifu,25,29,0.6049,0.492,0.412,0.2954,0.8,0.0,0.0,0.0,0.36
sv_tifu,400,0,0.9999999999999999,0.9999999999999999,0.9999999999999999,0.6711999999999999,1.0,0.22499999999999998,0.04749999999999999,0.24,0.8
sv_tifu,400,1,0.9999999999999999,0.9999999999999999,0.9999999999999999,0.6553999999999999,1.0,0.20499999999999996,0.04749999999999999,0.20499999999999996,0.83
sv_tifu,400,2,0.9999999999999999,0.9999999999999999,0.9999999999999999,0.7380999999999999,1.0,0.385,0.06499999999999995,0.39249999999999996,0.8775
sv_tifu,400,3,0.9999999999999999,0.9999999999999999,0.9999999999999999,0.6710999999999999,1.0,0.2875,0.04249999999999998,0.29500000000000004,0.8425
sv_tifu,400,4,0.9999999999999999,0.9999999999999999,0.9999999999999999,0.7948000000000001,1.0,0.2925,0.040000000000000036,0.30000000000000004,0.8975
sv_tifu,400,5,0.9999999999999999,0.9999999999999999,0.9999999999999999,0.6715,1.0,0.32499999999999996,0.06000000000000005,0.32999999999999996,0.865
sv_tifu,400,6,0.9999999999999999,0.9999999999999999,0.9999999999999999,0.7731,1.0,0.31999999999999995,0.03500000000000003,0.32499999999999996,0.88
sv_tifu,400,7,0.9999999999999999,0.9999999999999999,0.9999999999999999,0.6836,1.0,0.245,0.04749999999999999,0.26,0.845
sv_tifu,400,8,0.9999999999999999,0.9999999999999999,0.9999999999999999,0.5943,1.0,0.2925,0.025000000000000022,0.3025,0.85
sv_tifu,400,9,0.9999999999999999,0.9999999999999999,0.9999999999999999,0.6298,1.0,0.29500000000000004,0.030000000000000027,0.29500000000000004,0.87
sv_tifu,400,10,0.9999999999999999,0.9999999999999999,0.9999999999999999,0.6004999999999999,1.0,0.275,0.06499999999999995,0.2825,0.8725
sv_tifu,400,11,0.9999999999999999,0.9999999999999999,0.9999999999999999,0.6102000000000001,1.0,0.23250000000000004,0.02749999999999997,0.24,0.88
sv_tifu,400,12,0.9999999999999999,0.9999999999999999,0.9999999999999999,0.6113999999999999,1.0,0.30500000000000005,0.04749999999999999,0.30500000000000005,0.84
sv_tifu,400,13,0.9999999999999999,0.9999999999999999,0.9999999999999999,0.7623000000000001,1.0,0.3075,0.03249999999999997,0.31000000000000005,0.845
sv_tifu,400,14,0.9999999999999999,0.9999999999999999,0.9999999999999999,0.5893999999999999,1.0,0.26249999999999996,0.030000000000000027,0.26749999999999996,0.8625
sv_tifu,400,15,0.9999999999999999,0.9999999999999999,0.9999999999999999,0.7337999999999999,1.0,0.265,0.04249999999999998,0.265,0.8425
sv_tifu,400,16,0.9999999999999999,0.9999999999999999,0.9999999999999999,0.6777000000000001,1.0,0.22999999999999998,0.05249999999999999,0.22999999999999998,0.835
sv_tifu,400,17,0.9999999999999999,0.9999999999999999,0.9999999999999999,0.69,1.0,0.29000000000000004,0.04500000000000004,0.30000000000000004,0.84
sv_tifu,400,18,0.9999999999999999,0.9999999999999999,0.9999999999999999,0.6275,1.0,0.24250000000000005,0.040000000000000036,0.24750000000000005,0.8075
sv_tifu,400,19,0.9999999999999999,0.9999999999999999,0.9999999999999999,0.5951,1.0,0.2925,0.03749999999999998,0.30500000000000005,0.8475
sv_tifu,400,20,0.9999999999999999,0.9999999999999999,0.9999999999999999,0.7080000000000001,1.0,0.27749999999999997,0.012499999999999956,0.2825,0.845
sv_tifu,400,21,0.9999999999999999,0.9999999999999999,0.9999999999999999,0.6173,1.0,0.28500000000000003,0.06000000000000005,0.30000000000000004,0.8825000000000001
sv_tifu,400,22,0.9999999999999999,0.9558999999999999,0.9558999999999999,0.6517,1.0,0.22499999999999998,0.015000000000000013,0.22999999999999998,0.8674999999999999
sv_tifu,400,23,0.9999999999999999,0.9999999999999999,0.9999999999999999,0.7220000000000001,1.0,0.2825,0.025000000000000022,0.28500000000000003,0.8475
sv_tifu,400,24,0.9999999999999999,0.9999999999999999,0.9999999999999999,0.7215,1.0,0.26,0.03500000000000003,0.26249999999999996,0.8575
sv_tifu,400,25,0.9999999999999999,0.8282,0.8282,0.5312,1.0,0.26749999999999996,0.03749999999999998,0.26749999999999996,0.865
sv_tifu,400,26,0.9999999999999999,0.9999999999999999,0.9999999999999999,0.568,1.0,0.30500000000000005,0.040000000000000036,0.31000000000000005,0.8625
sv_tifu,400,27,0.9999999999999999,0.9999999999999999,0.9999999999999999,0.5748,1.0,0.28500000000000003,0.04249999999999998,0.29500000000000004,0.8475
sv_tifu,400,28,0.9999999999999999,0.9999999999999999,0.9999999999999999,0.6430999999999999,1.0,0.255,0.03249999999999997,0.255,0.8425
sv_tifu,400,29,0.9999999999999999,0.9999999999999999,0.9999999999999999,0.5554,1.0,0.25249999999999995,0.04500000000000004,0.25249999999999995,0.83
sv_tifu,50,0,0.8145,0.658,0.5337000000000001,0.39430000000000004,0.8095238095238095,0.0,0.0,0.0,0.38
sv_tifu,50,1,0.8991,0.9558999999999999,0.8550000000000001,0.07819999999999999,0.8620689655172413,0.040000000000000036,0.0,0.040000000000000036,0.48
sv_tifu,50,2,0.8599,0.8003,0.6990999999999999,0.0,0.84,0.0,0.0,0.0,0.62
sv_tifu,50,3,0.7754000000000001,0.7552,0.6244000000000001,0.42789999999999995,0.782608695652174,0.040000000000000036,0.0,0.040000000000000036,0.36
sv_tifu,50,4,0.7923000000000002,0.8148,0.7310000000000001,0.3682,0.875,0.16000000000000003,0.0,0.16000000000000003,0.48
sv_tifu,50,5,0.8474,0.7541,0.6901999999999999,0.3588,0.9047619047619048,0.040000000000000036,0.0,0.040000000000000036,0.64
sv_tifu,50,6,0.8673,0.7605000000000001,0.7017,0.382,0.9130434782608695,0.040000000000000036,0.0,0.040000000000000036,0.48
sv_tifu,50,7,0.7474,0.7385000000000002,0.5468000000000001,0.35259999999999997,0.7391304347826086,0.0,0.0,0.0,0.5800000000000001
sv_tifu,50,8,0.8516,0.5765,0.5765,0.3591,1.0,0.040000000000000036,0.0,0.040000000000000036,0.30000000000000004
sv_tifu,50,9,0.8575999999999999,0.7622000000000002,0.6506999999999998,0.38299999999999995,0.8260869565217391,0.14,0.0,0.14,0.5800000000000001
sv_tifu,50,10,0.7993,0.8127,0.6309999999999999,0.20900000000000002,0.7083333333333334,0.0,0.0,0.0,0.36
sv_tifu,50,11,0.8391,0.8274,0.6958000000000001,0.4643,0.8,0.040000000000000036,0.0,0.040000000000000036,0.56
sv_tifu,50,12,0.8041,0.8367,0.6408,0.38020000000000004,0.76,0.07999999999999996,0.0,0.07999999999999996,0.54
sv_tifu,50,13,0.7467999999999999,0.6376999999999999,0.4364,0.30970000000000003,0.6842105263157895,0.0,0.0,0.0,0.38
sv_tifu,50,14,0.8781999999999999,0.6400000000000001,0.5556,0.30810000000000004,0.85,0.07999999999999996,0.0,0.07999999999999996,0.31999999999999995
sv_tifu,50,15,0.8834,0.8184,0.7211000000000001,0.4295999999999999,0.88,0.040000000000000036,0.0,0.040000000000000036,0.31999999999999995
sv_tifu,50,16,0.907,0.9366,0.8629,0.6033,0.9285714285714286,0.040000000000000036,0.0,0.040000000000000036,0.31999999999999995
sv_tifu,50,17,0.8464999999999999,0.7553000000000001,0.6522000000000001,0.44749999999999995,0.8695652173913043,0.12,0.0,0.12,0.5
sv_tifu,50,18,0.9501000000000001,0.8614999999999999,0.8115999999999999,0.48679999999999995,0.9230769230769231,0.07999999999999996,0.0,0.12,0.56
sv_tifu,50,19,0.7755,0.8069000000000001,0.6011,0.03,0.75,0.0,0.0,0.0,0.43999999999999995
sv_tifu,50,20,0.9243,0.7972,0.7972,0.4987,1.0,0.0,0.0,0.0,0.33999999999999997
sv_tifu,50,21,0.7911,0.6503,0.5571999999999999,0.37979999999999997,0.8421052631578947,0.040000000000000036,0.0,0.040000000000000036,0.31999999999999995
sv_tifu,50,22,0.7995000000000002,0.9134,0.7364000000000003,0.3922,0.7777777777777778,0.0,0.0,0.0,0.5
sv_tifu,50,23,0.8176,0.7116000000000001,0.5801,0.4134,0.8181818181818182,0.12,0.0,0.12,0.54
sv_tifu,50,24,0.9151999999999999,0.6077,0.5688,0.3481,0.9444444444444444,0.0,0.0,0.040000000000000036,0.5800000000000001
sv_tifu,50,25,0.8192,0.8028,0.7708000000000002,0.37879999999999997,0.9583333333333334,0.12,0.0,0.12,0.5800000000000001
sv_tifu,50,26,0.9506000000000001,0.7203000000000002,0.7203000000000002,0.32939999999999997,1.0,0.040000000000000036,0.0,0.040000000000000036,0.52
sv_tifu,50,27,0.8939,0.8638000000000001,0.8018000000000001,0.45239999999999997,0.9230769230769231,0.18000000000000005,0.0,0.18000000000000005,0.7
sv_tifu,50,28,0.8478,0.7219,0.6312,0.46809999999999996,0.8571428571428571,0.09999999999999998,0.0,0.09999999999999998,0.64
sv_tifu,50,29,0.9113999999999999,0.8185,0.7729,0.4536,0.92,0.040000000000000036,0.0,0.040000000000000036,0.42000000000000004
