{"train/loss": 1.5769, "train/grad_norm": 0.045128609985113144, "train/learning_rate": 0.00027457627118644066, "train/epoch": 0.17001545595054096, "train/global_step": 165, "_timestamp": 1716602766.8403232, "_runtime": 6954.832643270493, "_step": 164}