{"train/loss": 1.5902, "train/grad_norm": 0.03177964314818382, "train/learning_rate": 0.0, "train/epoch": 0.061068702290076333, "train/global_step": 60, "_timestamp": 1716580439.3551736, "_runtime": 1274.9547526836395, "_step": 60, "train_runtime": 1281.4101, "train_samples_per_second": 0.375, "train_steps_per_second": 0.047, "total_flos": 8.441264835919872e+16, "train_loss": 1.5973233203093211, "_wandb": {"runtime": 1274}}