{"train/loss": 3.1002, "train/grad_norm": 174.88034057617188, "train/learning_rate": 0.0019796610169491528, "train/epoch": 0.03255340793489318, "train/global_step": 8, "_timestamp": 1716590844.5069094, "_runtime": 1354.6839673519135, "_step": 7}